取得日時,取得URL,名称,住所,TEL,設立,資本金,年商,部署,従業員,事業
2025/11/05 11:37:33,https://bahn-rep.com/muryoukeisaiandend/rakutenseimei,楽天生命保険株式会社,東京都港区南青山二丁目6番21号 楽天クリムゾンハウス青山,,2007年10月1日,100億円（資本準備金25億円を含む）,,営業推進本部,,生命保険業 スーパー終身保険、スーパー定期保険、スーパーたよれる定期保険、定期保険、長期逓減定期保険、スーパー医療保険、スーパー医療保険戻るんです、医療保険1095α、スーパーたよれる医療保険、安心プラス、生活習慣病保険、災害補償保険、スーパーがん保険、スーパー2000、など
2025/11/05 11:37:33,https://bahn-rep.com/muryoukeisaiandend/roota1,株式会社RooT-A,東京都新宿区西新宿8-15-17 住友不動産西新宿ビル2号館4階,,2021年7月,"9,000,000円",,代理店事業部,,携帯電話の販売 インターネット回線の販売 ライフライン事業 アライアンス事業
2025/11/05 11:37:33,https://bahn-rep.com/muryoukeisaiandend/meotown,Alive Japan合同会社,東京都渋谷区渋谷2-19-15 宮益坂ビルディング6​09,,2022年1月4日,,,パートナー事業部,,SEO・MEO対策事業 webサイト制作・運営事業 webコンサルティング事業 決済システム取次事業 SNS運用コンサルティング事業 営業代行事業 広告代理・宣伝事業
2025/11/05 11:37:33,https://bahn-rep.com/muryoukeisaiandend/miraiaist,株式会社ソフツー,東京都中央区築地1丁目13-14 NBF東銀座スクエア7F,,2008年7月8日,"2,000万円",,パートナー事業,,・クラウド型コールセンターシステムサービス事業 クラウド型CTIアプリケーションBlueBeanの開発・販売やOEM提供 ・AI電話自動応答・取り次ぎサービスの開発及び提供 クラウドAI電話アプリケーションミライAIの開発・販売 ・ホテル用電話機販売事業 ホテル客室・ロビー用アナログ/SIP電話機の販売
2025/11/05 11:37:33,https://bahn-rep.com/muryoukeisaiandend/hojokuru,株式会社Rich Heart,大阪府大阪市北区西天満1-10-16 KSビル別館2階,,2017年11月7日,"2,000万円",,公的資金支援サービス事業部,60名（2023年10月現在）,公的資金支援サービス事業 人材派遣事業 アウトソーシング事業 有料職業紹介事業 WEBサービス事業
2025/11/05 11:37:33,https://bahn-rep.com/muryoukeisaiandend/sypcthemeo,株式会社SYPHERCREATION,大阪府大阪市北区梅田2-4-9 ブリーゼタワー2F,,2023年1月20日,,1億円,営業本部,,MEO対策代行事業 Web制作事業 マーケティング事業 コールセンター事業 インフルエンサーマッチング事業
2025/11/05 11:37:33,https://bahn-rep.com/muryoukeisaiandend/fls-webfuri,株式会社フォーライフシステム,大阪府大阪市中央区安土町1丁目6-14 朝日生命辰野ビル8F,,1997年10月1日,"3,500万円",,WFC事業部,,振込代行サービス業務
2025/11/05 11:37:33,https://bahn-rep.com/muryoukeisaiandend/babysitter-hoikuen-mgoose,株式会社マザーグース,神奈川県茅ヶ崎市美住町2-10,,1994年2月4日,300万円,2億円,,,ベビーシッター請負業小規模保育園の運営 人材派遣・院内保育室
2025/11/05 11:37:33,https://bahn-rep.com/muryoukeisaiandend/tensyokurecruittheone,株式会社The One,東京都中央区銀座7-13-20 銀座THビル9階,,2023年4月,"8,500,000円",,代理店募集事業部,,転職リクルーティング支援事業 不動産コンサルティング事業 婚活支援事業
2025/11/05 11:37:33,https://bahn-rep.com/muryoukeisaiandend/onebenees,株式会社The One,東京都中央区銀座7-13-20 銀座THビル9階,,2023年4月,"8,500,000円",,代理店募集事業部,,転職リクルーティング支援事業 不動産コンサルティング事業 婚活支援事業
2025/11/05 11:37:33,https://bahn-rep.com/muryoukeisaiandend/kuchikomittohl,株式会社HUMAN LIFE,東京都新宿区新宿2-16-6 新宿イーストスクエアビル3F,,2018年12月3日,1億3650万円（2025年1月31日現在）,,パートナー事業部,128名（2023年2月1日現在）,情報通信サービスを基盤としたテレコム事業及び サービス&ソリューション事業 インターネット接続サービスの提供
2025/11/05 11:37:33,https://bahn-rep.com/dairiten-bosyu/emcdenki,エルメック株式会社,大阪市西区江戸堀1-23-13 肥後橋ビル3号館1103,,,2000万円,,パートナー事業部,,電力小売事業 再生可能エネルギーの開発・運営 防災一式販売
2025/11/05 11:37:33,https://bahn-rep.com/dairiten-bosyu/greenpocket,国土緑化株式会社,東京都江戸川区中央2-1-21,,1977年（昭和52年）8月2日,"80,000,000円",,,75名（2024年6月現在）,総合緑化事業 ・観葉植物のレンタル ・生花販売 ・造園、解体工事 ・緑のレンタルFC「グリーン・ポケット」本部の運営
2025/11/05 11:37:33,https://bahn-rep.com/dairiten-bosyu/usenuair,株式会社USEN （USEN-NEXT GROUP）,東京都品川区上大崎3-1-1 目黒セントラルスクエア,,2017年6月16日,"9,641万円（グループ資本金）","1,932億円（2020年8月期連結）",,"4,845名（2020年8月期連結）",IoT PLATFORM事業 音楽配信事業 エネルギー事業 保険事業 開業、増移転支援サービス 店舗運用支援サービス 店舗通販サービス
2025/11/05 11:37:33,https://bahn-rep.com/dairiten-bosyu/plhikarigrpsougou,株式会社パートナーリンク 株主：株式会社HBD（光通信グループ）,東京都豊島区西池袋1-4-10 光ウエストゲートビル,,2024年6月5日,,,パートナー事業部,,販売代理店の紹介、斡旋業務 営業、マーケティングに関する支援、コンサルティング業務 ビジネスマッチング業務 コールセンターの運営、管理 情報提供サービス業
2025/11/05 11:37:33,https://bahn-rep.com/dairiten-bosyu/midsrskrngbz,合同会社アセンディア,東京都渋谷区道玄坂1-10-8 渋谷道玄坂東急ビル2F-C,,,,,パートナー事業部,,情報提供サービス・情報処理サービス業務 各種コンサルティング業務 マーケティング活動の企画・実施・支援 広告業及び広告代理店業
2025/11/05 11:37:33,https://bahn-rep.com/dairiten-bosyu/htbenergy,HTBエナジー株式会社,東京都豊島区西池袋一丁目4番10号,,2015年2月2日,10百万円,,パートナー事業部,,電力小売り事業（小売電気事業者登録番号：A0172）
2025/11/05 11:37:33,https://bahn-rep.com/dairiten-bosyu/gsapo,株式会社B-team,東京都千代田区丸の内1-8-1 Marunouchi Trust Tower N館19階,,2020年11月,,,Gサポパートナー事業部,,風評被害対策 Googleマイビジネス口コミ非表示対策
2025/11/05 11:37:33,https://bahn-rep.com/dairiten-bosyu/trende,TRENDE株式会社,東京都千代田区東神田1-16-7 東神田プラザビル2F,,2017年8月,"1,052,123,900円",,,,小売電気事業（小売事業者登録番号：A0455） 主要株主：伊藤忠商事株式会社、出光興産株式会社、Jumeirah Energy International Capital Holding（Dubai Electricity and Water Authorityの100%子会社）
2025/11/05 11:37:33,https://bahn-rep.com/dairiten-bosyu/umusic,株式会社USEN （USEN-NEXT GROUP）,東京都品川区上大崎3-1-1 目黒セントラルスクエア,,2017年6月16日,"9,641万円（グループ資本金）","1,932億円（2020年8月期連結）",,"4,845名（2020年8月期連結）",IoT PLATFORM事業 音楽配信事業 エネルギー事業 保険事業 開業、増移転支援サービス 店舗運用支援サービス 店舗通販サービス
2025/11/05 11:37:33,https://bahn-rep.com/dairiten-bosyu/olivehoken,ナローピークグループ（オリーブ少額短期保険株式会社）,東京都新宿区新宿5-17-18 H&Iビル,,1999年12月15日,100百万円,,代理店事業部,760名（連結）,少額短期保険業、損害保険代理店事業
2025/11/05 11:37:33,https://bahn-rep.com/dairiten-bosyu/btgsapo2,株式会社B-team,東京都千代田区丸の内1-8-1 Marunouchi Trust Tower N館19階,,2020年11月,,,Gサポパートナー事業部,,風評被害対策 Googleマイビジネス口コミ非表示対策
2025/11/05 11:37:33,https://bahn-rep.com/muryoukeisaiandend/chargeoffice,株式会社YOLO-GO,愛知県名古屋市中区丸の内2-12-13 丸の内プラザ4F,,2024年3月,,,紹介パートナー事業,,【健康経営事業】 企業向け出張整体サービス 企業向け焼菓子配送サービス ECサイト運営 イベント実施及び運営 店舗運営 【IT事業】 ITシステム（クラウド）の選定、提案、販売、アフターフォロー ITコンサルティンング
2025/11/05 11:37:33,https://bahn-rep.com/muryoukeisaiandend/cllinekoushikiminiapp,株式会社コミュニティライン,東京都豊島区西池袋1-4-10 光ウエストゲートビル6F,,2021年5月17日,1億円,,パートナー事業部,,LINEセールスパートナー事業 デジタルマーケティング 店舗販促事業
2025/11/05 11:37:33,https://bahn-rep.com/dairiten-bosyu/asoinoah,A-StarOne International株式会社,東京都港区六本木4-8-7 六本木三河台ビル3F,,2019年10月21日,"1,780万円",,オーダースーツFC事業,,オーダースーツNoah 全国400ヶ所 オーダーシューズRio 全国25ヶ所
2025/11/05 11:37:33,https://bahn-rep.com/dairiten-bosyu/becankouhounewp,株式会社ビカンテック,大阪府大阪市中央区平野町2-2-12,,2010年4月,,,パートナー事業部,,クリーニング業 洗剤の卸売及び小売業 特殊洗剤を利用した施工店の経営 化粧品、食料品、日用雑貨の小売業
2025/11/05 11:37:33,https://bahn-rep.com/dairiten-bosyu/honbusongaihokensindansi03,損害保険診断士協会,福岡県福岡市博多区博多駅前1-23-2 ParkFront博多駅前1丁目5F-B,,,,,保険申請コンサルティング事業部,,火災保険の申請のサポート業務 火災保険申請に必要な書類等の作成
2025/11/05 11:37:33,https://bahn-rep.com/dairiten-bosyu/sherpasimp,株式会社WANDY,東京都千代田区神田神保町1-4-6 クロサワビル7F,,2022年2月,4099万6074円,,エージェント事業部,,不動産賃貸仲介／不動産売買仲介 不動産エージェント事業 不動産業務に必要な支援を行うサイト「SHERPA」の運営 宅建番号：国土交通大臣（1）10492号
2025/11/05 11:37:33,https://bahn-rep.com/dairiten-bosyu/wandysherpa,株式会社WANDY,東京都千代田区神田神保町1-4-6 クロサワビル7F,,2022年2月,4099万6074円,,エージェント事業部,35名,不動産賃貸仲介／不動産売買仲介 不動産エージェント事業 不動産業務に必要な支援を行うサイト「SHERPA」の運営 宅建番号：国土交通大臣（1）10492号
2025/11/05 11:37:34,https://bahn-rep.com/dairiten-bosyu/newnailsponkizuna,絆ホールディングス株式会社,東京都新宿区新宿6-24-20 KDX新宿六丁目ビル9F,,2008年4月10日,"5,000万円",75億円,,250名,PR事業 ソリューション事業 HR事業 コールセンター事業 美容事業
2025/11/05 11:37:34,https://bahn-rep.com/muryoukeisaiandend/10gsenyo,合同会社Numlinx,神奈川県横浜市西区浅間町1-4-3 ウィザードビル402,,2023年8月25日,,,パートナー事業部,,インターネットを利用した各種情報提供サービス Ｗｅｂサイトの企画、制作、販売、運営及び管理 ＥＣ（電子商取引）サイトの企画、制作、販売、運営及び管理 通信販売業務 情報通信システムに係る機器及び装置類の販売及びレンタル 通信及び情報処理機器の開発、製造、販売及び輸出入 コンピュータシステムの企画、開発、販売及び保守に関する業務 各種アプリケーションソフトの企画、制作、販売、運営及び管理 古物営業法に基づく古物営業 ＯＥＭ（他社ブランド製品の製造）並びにプライベートブランド商品の企画、製造及び販売 電気通信事業 電気通信工事業 アウトソーシング事業の受託及び請負
2025/11/05 11:37:34,https://bahn-rep.com/dairiten-bosyu/keieifsstpconsul,ファーストステップ株式会社,東京都目黒区自由が丘1-8-19 メルサII 4F,,2019年11月,,,コンサルティングパートナー事業部,30名（パートナー含む）,経営戦略・コンサルティング事業
2025/11/05 11:37:34,https://bahn-rep.com/shot/qbnailpfchkk,絆ホールディングス株式会社,東京都新宿区新宿6-24-20 KDX新宿六丁目ビル9F,,2008年4月10日,"5,000万円",75億円,,250名,PR事業 ソリューション事業 HR事業 コールセンター事業 美容事業
2025/11/05 11:37:34,https://bahn-rep.com/muryoukeisaiandend/omakasespraccl,株式会社オービット,東京都豊島区西池袋一丁目4番10号,,2019年12月,"1,000万円",,,,DXコンテンツ事業、MVNE事業、MVNO事業
2025/11/05 11:37:34,https://bahn-rep.com/allarea/grow-iphonerp,株式会社グロウワーク,群馬県伊勢崎市太田町1137-6,,,,,,,iPhone修理サービス業務 中古携帯端末買取／販売 データ復旧事業 スマホアクセサリー販売事業 電気通信事業法に定める電気通信事業 MVNO事業 フランチャイズ代理店業 【運営ブランド】 モバイル修理.jp G-PACK エコモバ Goodmobile
2025/11/05 11:37:34,https://bahn-rep.com/dairiten-bosyu/wagaco,株式会社ナレッジラーニング,東京都千代田区丸の内1-8-3 丸の内トラストタワー本館20階,,2020年5月1日,1億円（グループ資本金）,,パートナー事業部,324名（グループ計）,研修エンパワーメント事業 法人向けソリューション事業 店舗集客支援コンサルティング事業 ネットワークソリューション事業 アライアンス事業
2025/11/05 11:37:34,https://bahn-rep.com/dairiten-bosyu/robohon,株式会社ベネフィットジャパン,大阪府大阪市中央区道修町1丁目5-18 朝日生命道修町ビル2F,,1996年6月6日,6億56百万円（2024年4月現在）,130億65百万円（2024年3月期）,営業本部,327名（2024年4月現在）,MVNO（仮想移動体通信事業者）ならびにFVNO（仮想固定通信事業者）サービス、インターネットオプションサービス及びコンテンツ、サポートサービスの提供 ソフトバンク一次代理店業務など個人向けサービスの加入取次
2025/11/05 11:37:34,https://bahn-rep.com/muryoukeisaiandend/cdlcalljosui02,株式会社コードリック,石川県金沢市古府3-45-2,,2018年5月16日,"10,000,000円",,,,人工知能設計・開発 システム・アプリケーション開発 商品デザイン・ブランディング 法人向け設備機器開発 産業機器設計・開発
2025/11/05 11:37:34,https://bahn-rep.com/muryoukeisaiandend/alljousuisystem100pl,株式会社コードリック,石川県金沢市古府3-45-2,,2018年5月16日,"10,000,000円",,,,人工知能設計・開発 システム・アプリケーション開発 商品デザイン・ブランディング 法人向け設備機器開発 産業機器設計・開発
2025/11/05 11:37:34,https://bahn-rep.com/dairiten-bosyu/koltecbeee,株式会社ADVATEC,東京都渋谷区神宮前3-42-2 VORT外苑前3 4F,,2020年7月9日,1億6000万円,,パートナー事業部,,インフルエンサーマッチングプラットフォーム事業
2025/11/05 11:37:34,https://bahn-rep.com/dairiten-bosyu/uregi,株式会社USEN （USEN-NEXT GROUP）,東京都品川区上大崎3-1-1 目黒セントラルスクエア,,2017年6月16日,"9,641万円（グループ資本金）","1,932億円（2020年8月期連結）",,"4,845名（2020年8月期連結）",IoT PLATFORM事業 音楽配信事業 エネルギー事業 保険事業 開業、増移転支援サービス 店舗運用支援サービス 店舗通販サービス
2025/11/05 11:37:34,https://bahn-rep.com/dairiten-bosyu/rskingskasdss,合同会社アセンディア,東京都渋谷区道玄坂1-10-8 渋谷道玄坂東急ビル2F-C,,,,,パートナー事業部,,情報提供サービス・情報処理サービス業務 各種コンサルティング業務 マーケティング活動の企画・実施・支援 広告業及び広告代理店業
2025/11/05 11:37:34,https://bahn-rep.com/dairiten-bosyu/bizimo,株式会社オービット,東京都豊島区西池袋一丁目4番10号,,2019年12月,"1,000万円",,,,DXコンテンツ事業、MVNE事業、MVNO事業
2025/11/05 11:37:34,https://bahn-rep.com/dairiten-bosyu/ai247wsc,株式会社フーバーブレイン,東京都千代田区紀尾井町4-1 ニューオータニガーデンコート22F,,2001年5月8日,"796,881,200円（2025年3月31日現在）",,マーケティング部,,サイバーセキュリティソリューションの提供 テレワーク環境の構築 生産性およびクオリティオブライフの向上支援
2025/11/05 11:37:34,https://bahn-rep.com/dairiten-bosyu/newgpack,株式会社グロウワーク,群馬県伊勢崎市太田町1137-6,,,,,,,iPhone修理サービス業務 中古携帯端末買取／販売 データ復旧事業 スマホアクセサリー販売事業 電気通信事業法に定める電気通信事業 MVNO事業 フランチャイズ代理店業 【運営ブランド】 モバイル修理.jp G-PACK エコモバ Goodmobile
2025/11/05 11:37:34,https://bahn-rep.com/muryoukeisaiandend/tosaigas,東彩ガス株式会社,埼玉県越谷市越ヶ谷1-14-1,,1960年6月10日,"4億5,000万円",,都市ガス営業部 春日部ブロック 開発課,361名（2022年4月現在）,都市ガスの供給販売 LPガスの供給販売 電気の供給販売 ガス器具および関連する器具の販売 ガス配管工事 住宅等のリフォーム工事請負 冷暖房、給湯用等の熱の供給販売 発電機、発電装置および関連機器の販売 浄水器、整水器の販売、据付工事および保守管理 飲料水の販売
2025/11/05 11:37:34,https://bahn-rep.com/muryoukeisaiandend/sclpinckd,共栄電通株式会社,千葉県千葉市中央区新千葉1-7-2 ペリエPlus＋ビル1F,,,,,紹介パートナー事業,,各種営業代行
2025/11/05 11:37:34,https://bahn-rep.com/dairiten-bosyu/trakatl,株式会社トータルリンク,兵庫県神戸市須磨区天神町5丁目3-7-3,,2013年12月3日,,,,,鍵管理・重要資産管理システムの販売、設置、保守 電話工事、LAN工事、PC設定、ネットワーク機器設定、サーバー構築 各種保守管理、IT業務支援、通信コンサルティング
2025/11/05 11:37:34,https://bahn-rep.com/muryoukeisaiandend/greatsignsango,SANGO株式会社,東京都渋谷区恵比寿西1丁目10番10号 若葉西ビル4階,,2007年9月2日,1000万円,,,145名（2020年11月現在）,営業代行・テレマーケティング事業 人材育成・派遣・紹介事業 法人様向けソリューション事業 WEB製作及びWEBマーケティング事業
2025/11/05 11:37:34,https://bahn-rep.com/muryoukeisaiandend/mirable,SANGO株式会社,東京都渋谷区恵比寿西1丁目10番10号 若葉西ビル4階,,2007年9月2日,1000万円,,,145名（2020年11月現在）,営業代行・テレマーケティング事業 人材育成・派遣・紹介事業 法人様向けソリューション事業 WEB製作及びWEBマーケティング事業
2025/11/05 11:37:34,https://bahn-rep.com/dairiten-bosyu/worldcgrs,ワールドチアーズ協同組合,東京都稲城市東長沼1601-7 2F,,2020年9月14日,300万円,,パートナー事業部,,外国人技能実習生受入事業 特定技能外国人に係る職業紹介事業
2025/11/05 11:37:34,https://bahn-rep.com/dairiten-bosyu/webridgemeo,株式会社WeBridge（ウェブリッジ）,東京都新宿区西新宿1-25-1 新宿センタービル49階,,,,,代理店事業部,,デジタルマーケティング事業 WEBサイトのデザイン、制作及び運営管理事業 採用コンサルティング事業 広告代理業及び各種の宣伝に関する事業
2025/11/05 11:37:34,https://bahn-rep.com/muryoukeisaiandend/taskhub,株式会社Bocek,東京都港区芝浦3-3-6 東京科学大学キャンパス・イノベーションセンターINDEST402,,2022年6月30日,,,パートナー事業部,35名,生成AI特化メディア「PROMPTY」運営事業 生成AI特化戦略コンサルティング事業 生成AI開発事業 生成AI研修事業 Taskhub運営事業
2025/11/05 11:37:34,https://bahn-rep.com/dairiten-bosyu/ailinksbhojinkeitai,株式会社アイリンク,東京都豊島区東池袋1-32-7 大樹生命池袋ビル1F,,2024年7月3日,,,パートナー事業部,,法人向け携帯電話等の通信サービスの取次 固定通信サービスの取次 OA機器及びICT関連商品の販売 新電力サービスの取次 その他上記に関連するソリューション事業
2025/11/05 11:37:34,https://bahn-rep.com/muryoukeisaiandend/noroxdani,株式会社オーシャン（モバイルコムグループ）,東京都千代田区神田駿河台4-4-1 PMO御茶ノ水 愛媛工場：愛媛県松山市中西外1035-1,,2017年2月,"1,000万円",,法人営業部,459名（2022年4月グループ連結）,弱酸性次亜塩素酸水ノロックスの製造・販売
2025/11/05 11:37:34,https://bahn-rep.com/muryoukeisaiandend/norovirus,株式会社オーシャン（モバイルコムグループ）,東京都千代田区神田駿河台4-4-1 PMO御茶ノ水 愛媛工場：愛媛県松山市中西外1035-1,,2017年2月,"1,000万円",,法人営業部,459名（2022年4月グループ連結）,弱酸性次亜塩素酸水ノロックスの製造・販売
2025/11/05 11:37:34,https://bahn-rep.com/muryoukeisaiandend/degime,株式会社シンカリンク,北海道札幌市中央区南2条西7-8,,2017年4月5日,"3,000,000円",,Degimeパートナー事業,,アプリケーションサービスの開発・運営 街頭ビジョンの運営・管理 映像制作 SNSマーケティングコンサルタントほか
2025/11/05 11:37:34,https://bahn-rep.com/muryoukeisaiandend/tntsite,株式会社ティーネクスト （インサイトグループ）,富山県富山市総曲輪4-5-11 インサイトビル5F,,2011年,2億円（グループ資本金）,,,,Tポイント正規代理店 お仕事発見Tサイト正規代理店
2025/11/05 11:37:34,https://bahn-rep.com/dairiten-bosyu/rezildenryoku,レジル株式会社（Rezil Inc.）,東京都千代田区丸の内1-8-1 丸の内トラストタワーN館14階,,1994年11月21日,3.5億円（2024年5月27日時点）,387億円（2024年6月期）,グリーンエネルギー事業本部,209名（2024年2月末時点）,分散型エネルギー事業 グリーンエネルギー事業 エネルギーDX事業
2025/11/05 11:37:34,https://bahn-rep.com/dairiten-bosyu/octopusenergyco,TGオクトパスエナジー株式会社,東京都港区六本木1-4-5 アークヒルズサウスタワー18階,,2021年1月,7億円,,,107名（2024年10月現在）,小売電気事業
2025/11/05 11:37:34,https://bahn-rep.com/muryoukeisaiandend/nwnorox2,株式会社オーシャン（モバイルコムグループ）,東京都千代田区神田駿河台4-4-1 PMO御茶ノ水 愛媛工場：愛媛県松山市中西外1035-1,,2017年2月,"1,000万円",,法人営業部,459名（2022年4月グループ連結）,弱酸性次亜塩素酸水ノロックスの製造・販売
2025/11/05 11:37:34,https://bahn-rep.com/dairiten-bosyu/songaihokensindanshikyoukai,損害保険診断士協会,福岡県福岡市博多区博多駅前1-23-2 ParkFront博多駅前1丁目5F-B,,,,,保険申請コンサルティング事業部,,火災保険の申請のサポート業務 火災保険申請に必要な書類等の作成
2025/11/05 11:37:34,https://bahn-rep.com/muryoukeisaiandend/placetosup,プレイス株式会社,東京都港区南青山3-1-36 青山丸竹ビル6F,,2023年6月27日,,,トスアップパートナー事業部,,代理店構築及び、事業支援サービスの提供
2025/11/05 11:37:34,https://bahn-rep.com/muryoukeisaiandend/zepecyzen,株式会社ZEPE（ゼペ）,東京都千代田区神田小川町2-2 センタークレストビル7F,,2008年11月17日,"2,000万円",,パートナー事業部,127名※その他従事者217名（令和5年10月1日現在）,アウトソーシング事業 電気通信事業 ソリューション事業 スポーツ事業 エコロジー推進事業 不動産事業
2025/11/05 11:37:34,https://bahn-rep.com/muryoukeisaiandend/myuuutantstudy,MYUUU FZCO（ミュー）,"ドバイ（Building A2, IFZA, Dubai Digital Park – Dubai Silicon Oasis – Dubai）",,2023年2月,,,,20名,主要投資家：上場企業（日本）の経営者を中心とした十数名 生成AI研修事業 AXコンサルティング事業 AX人材支援事業 AIクローン事業 AIメディア事業 Web3メディア事業
2025/11/05 11:37:35,https://bahn-rep.com/muryoukeisaiandend/zepezitakuhomert,株式会社ZEPE（ゼペ）,東京都千代田区神田小川町2-2 センタークレストビル7F,,2008年11月17日,"2,000万円",,パートナー事業部,127名※その他従事者217名（令和5年10月1日現在）,アウトソーシング事業 電気通信事業 ソリューション事業 スポーツ事業 エコロジー推進事業 不動産事業
2025/11/05 11:37:35,https://bahn-rep.com/dairiten-bosyu/aorinobiz,スマートモバイルコミュニケーションズ株式会社,東京都新宿区西早稲田2-20-9 小杉ビル西早稲田,,2007年2月13日,51百万円（2023年12月末現在）グループ資本金,"3,758百万円（2023年12月末現在）連結",ソリューション営業部,,MVNO事業 電気通信事業法に定める電気通信事業 情報処理サービス業ならびに情報提供サービス業
2025/11/05 11:37:35,https://bahn-rep.com/dairiten-bosyu/bengoshihokenbn,株式会社アシロ少額短期保険,東京都新宿区西新宿6-3-1 新宿アイランドウイング4F,,2017年12月25日,608百万円（2024年4月末現在）グループ合計,,営業推進部,128名（2024年4月末現在）グループ合計,保険事業 リーガルメディア事業 派生メディア事業 HR事業
2025/11/05 11:37:35,https://bahn-rep.com/dairiten-bosyu/freelaatms03,株式会社アルバイトタイムス,東京都中央区京橋2-6-13 京橋ヨツギビル5F,,1973年10月29日,"4億5,599万円",,パートナーサポート部 セールスサポート課,190名（連結）,無料求人情報誌DOMO（ドーモ）の編集発行 求人情報サイトDOMO NET（ドーモネット）の運営 求人情報サイトJOB（ジョブ）の運営 採用管理システム（ATS）ワガシャdeDOMOの運営 人材紹介業Achieve Career（アチーヴ キャリア） 有料職業紹介（13-ユｰ304061）
2025/11/05 11:37:35,https://bahn-rep.com/muryoukeisaiandend/imobisp,アイ・モバイル株式会社,東京都渋谷区神宮前3-42-2 VORT外苑前Ⅲビル3階,,2007年8月,1億円（2020年4月現在）,,,100名（2020年4月1日現在）,情報提供サービス業 情報システムの企画、設計ならびに管理運営に関する業務 コンピューターのソフトウェアの設計、開発、販売及び保守 広告代理業 通信販売業 提携先：株式会社TKC、キャノンシステムアンドサポート株式会社、ソフトバンク株式会社、株式会社ブロードリーフ、デジタル・インフォメーション・テクノロジー株式会社、他
2025/11/05 11:37:35,https://bahn-rep.com/muryoukeisaiandend/kuchikomission,株式会社Giv-ning（ギブニング）,東京都新宿区四谷坂町10-12 ガーデンタワー37 8F,,2022年7月,,,パートナー事業部,,高評価クチコミ獲得支援ツール 「クチコミッション」運営 SaaSツールの開発、提供 代理販売・実店舗サービスへの経営支援
2025/11/05 11:37:35,https://bahn-rep.com/dairiten-bosyu/cosmosbdairiten,株式会社コスモネット,京都市中京区烏丸通四条上る笋町689番地 京都御幸ビル6階 東京都港区新橋2-6-2 新橋アイマークビル10階,,1991年5月1日（創業1979年）,"5億6,600万円","899億3,700万円（2024年3月期グループ計）",法人営業管理グループ,"2,226名（2024年3月現在）",ICTサービスプロバイダー（ショップ394店舗：2024年3月現在） 企業向けソリューション 情報通信システム
2025/11/05 11:37:35,https://bahn-rep.com/muryoukeisaiandend/kiranmiyabi,KIRAN株式会社,東京都新宿区高田馬場1丁目32-10,,2022年9月,,,代理店事業部,,5デアザフラビンを使用した健康食品の開発・販売 医療インバウンド 医療AI事業 健康食品のOEM
2025/11/05 11:37:35,https://bahn-rep.com/muryoukeisaiandend/smartpagewebcms,アイ・モバイル株式会社,東京都渋谷区神宮前3-42-2 VORT外苑前Ⅲビル3階,,2007年8月,1億円（2020年4月現在）,,,100名（2020年4月1日現在）,情報提供サービス業 情報システムの企画、設計ならびに管理運営に関する業務 コンピューターのソフトウェアの設計、開発、販売及び保守 広告代理業 通信販売業 提携先：株式会社TKC、キャノンシステムアンドサポート株式会社、ソフトバンク株式会社、株式会社ブロードリーフ、デジタル・インフォメーション・テクノロジー株式会社、他
2025/11/05 11:37:35,https://bahn-rep.com/dairiten-bosyu/mxmobiauhikari,MXモバイリング株式会社,東京都江東区豊洲3-2-24 豊洲フォレシア 大阪市中央区久太郎町4-1-3 大阪センタービル7階,,1972年12月15日,10億円,"1,334億円（2023年3月期）",法人事業本部 法人ソリューション事業部 ネットワーク営業部（パートナー営業グループ）関西支店,"4,258名（2024年4月1日現在）",携帯電話の販売代理店（ショップ運営） 携帯電話関連商品等の販売 法人向け携帯端末・ソリューションの提供 光回線サービス事業、その他取次事業 銀行代理業、保険代理業
2025/11/05 11:37:35,https://bahn-rep.com/dairiten-bosyu/speedhpsp,アイ・モバイル株式会社,東京都渋谷区神宮前3-42-2 VORT外苑前Ⅲビル3階,,2007年8月,1億円（2020年4月現在）,,,100名（2020年4月1日現在）,情報提供サービス業 情報システムの企画、設計ならびに管理運営に関する業務 コンピューターのソフトウェアの設計、開発、販売及び保守 広告代理業 通信販売業 提携先：株式会社TKC、キャノンシステムアンドサポート株式会社、ソフトバンク株式会社、株式会社ブロードリーフ、デジタル・インフォメーション・テクノロジー株式会社、他
2025/11/05 11:37:35,https://bahn-rep.com/muryoukeisaiandend/kuchikomi1kibosyu,株式会社Giv-ning（ギブニング）,東京都新宿区四谷坂町10-12 ガーデンタワー37 8F,,2022年7月,,,パートナー事業部,,高評価クチコミ獲得支援ツール 「クチコミッション」運営 SaaSツールの開発、提供 代理販売・実店舗サービスへの経営支援
2025/11/05 11:37:35,https://bahn-rep.com/dairiten-bosyu/usign,株式会社USEN （USEN-NEXT GROUP）,東京都品川区上大崎3-1-1 目黒セントラルスクエア,,2017年6月16日,"9,641万円（グループ資本金）","1,932億円（2020年8月期連結）",,"4,845名（2020年8月期連結）",IoT PLATFORM事業 音楽配信事業 エネルギー事業 保険事業 開業、増移転支援サービス 店舗運用支援サービス 店舗通販サービス
2025/11/05 11:37:35,https://bahn-rep.com/muryoukeisaiandend/astsubasadenki,株式会社アース,福岡県福岡市中央区渡辺通5-14-12 南天神ビル,,2020年5月18日,,,パートナー事業部,,助成金コンサルティング事業 エネルギーソリューション事業 セキュリティソリューション事業
2025/11/05 11:37:35,https://bahn-rep.com/dairiten-bosyu/jobcanftg,株式会社エフティグループ,東京都中央区日本橋蛎殻町2-13-6 EDGE水天宮,,1985年8月1日,"1,344百万円（2024年3月31日現在）","40,698百万円（2023年3月期）",,連結359名（2024年3月31日現在）,【情報通信サービス】 スマートロック・UTM（統合脅威管理）等ネットセキュリティ商品の企画・販売・施工・保守 ビジネスホン等・OA機器等の販売、施工、保守光コラボレーション（光回線）及びインターネットサービスプロバイダーのサービス提供 【環境省エネルギーサービス】 LED照明、空調機器の販売・施工・保守太陽光発電設備・蓄電池等環境関連商品の販売、施工、保守節水装置「JET」のレンタルサービス
2025/11/05 11:37:35,https://bahn-rep.com/dairiten-bosyu/okosaramunch,合同会社RIVET,東京都中央区銀座6-13-16 銀座wallビル5階,,2023年12月,"1,000,000円",,業務委託パートナー事業部,,子育てママ向けワークショップ運営
2025/11/05 11:37:35,https://bahn-rep.com/dairiten-bosyu/ochadukeaoi,贅沢御茶漬専門店 蒼aoi 運営：ジーフォワード株式会社,東京都千代田区神田多町2-1 神田東山ビルC-Lounge7階,,2017年6月,"9,000,000円",,ブランドシェアリング事業部,,フードデリバリー事業 ブランドシェアリング事業 グルメ通販事業 システム開発事業 デジタル広告代理業
2025/11/05 11:37:35,https://bahn-rep.com/dairiten-bosyu/cosmosbtosup,株式会社コスモネット,京都市中京区烏丸通四条上る笋町689番地 京都御幸ビル6階 東京都港区新橋2-6-2 新橋アイマークビル10階,,1991年5月1日（創業1979年）,"5億6,600万円","899億3,700万円（2024年3月期グループ計）",法人営業管理グループ,"2,226名（2024年3月現在）",ICTサービスプロバイダー（ショップ394店舗：2024年3月現在） 企業向けソリューション 情報通信システム
2025/11/05 11:37:35,https://bahn-rep.com/dairiten-bosyu/neofreecall-costcutgroup,株式会社コスト削減グループ,福岡県福岡市博多区博多駅東3丁目3-3 新比恵ビル9階,,2005年8月,"1,000万円（グループ資本：6,400万円）",,,,通信回線販売 通信回線開設・移設関連工事 通信機器、関連端末の販売 システム開発 WEB制作 電気通信事業届出番号H-18-942
2025/11/05 11:37:35,https://bahn-rep.com/dairiten-bosyu/gimic-dfile,株式会社ギミック,東京都渋谷区南平台町2-17 日交渋谷南平台ビル7F,,2003年12月9日,"2億3,875万円（資本準備金含む）",32.2億円（2024年3月期取扱高）,全国営業チャネル戦略室,335名（2024年4月1日現在）,医療情報メディア事業 医療連携システム事業 転職支援サービス事業
2025/11/05 11:37:35,https://bahn-rep.com/muryoukeisaiandend/syokulab-kids,ライフロボ株式会社,東京都港区赤坂2-14-13 シャトレ赤坂2F,,,"1,000万円",,,,ヘルスケア事業全般 アプリケーションやシステム開発の受託及び運用 京都サロンの運営 職業紹介事業（許可NO：13-ユ-307394）
2025/11/05 11:37:35,https://bahn-rep.com/shot/jcmgf,INSPIRE Japan株式会社,東京都立川市羽衣町1-6-10 能城ビル2F,,2020年2月21日,,,,,窓ガラスフィルム施工事業 ガラスコーティング事業
2025/11/05 11:37:35,https://bahn-rep.com/dairiten-bosyu/chiikisoseidenkiac2,株式会社Active,東京都文京区大塚5-9-2 新大塚プラザ7階,,2023年4月,,,,,代理店営業 コールセンター事業の受託運営
2025/11/05 11:37:35,https://bahn-rep.com/muryoukeisaiandend/lime,LiME株式会社,東京都新宿区新宿6-7-1 エルプリメント新宿,,2014年8月26日,3億1302万円,,,,美容業務 美容IT事業・美容に関するソフトウェア、アプリケーション及びシステムの開発、運営及び配信 美容に関する商品の企画、制作、開発及び販売・美容に関する技術開発 美容に関する情報配信、情報処理及びデジタルコンテンツの提供 美容に関するセミナー及びイベント企画、開催及び運営・美容室及び美容師の支援及びコンサルティング デジタルコンテンツ及びウェブサイトの企画、制作、開発、配信及び運営 広告及び宣伝業・広告及び宣伝に関する企画及び制作
2025/11/05 11:37:35,https://bahn-rep.com/dairiten-bosyu/hestacharge,MXモバイリング株式会社,東京都江東区豊洲3-2-24 豊洲フォレシア 大阪市中央区久太郎町4-1-3 大阪センタービル7階,,1972年12月15日,10億円,"1,334億円（2023年3月期）",法人事業本部 法人ソリューション事業部 ネットワーク営業部（パートナー営業グループ）関西支店,"4,258名（2024年4月1日現在）",携帯電話の販売代理店（ショップ運営） 携帯電話関連商品等の販売 法人向け携帯端末・ソリューションの提供 光回線サービス事業、その他取次事業 銀行代理業、保険代理業
2025/11/05 11:37:35,https://bahn-rep.com/dairiten-bosyu/onlyservice-benefitjapan,株式会社ベネフィットジャパン,大阪府大阪市中央区道修町1丁目5-18 朝日生命道修町ビル2F,,1996年6月6日,6億56百万円（2024年4月現在）,130億65百万円（2024年3月期）,営業本部,327名（2024年4月現在）,MVNO（仮想移動体通信事業者）ならびにFVNO（仮想固定通信事業者）サービス、インターネットオプションサービス及びコンテンツ、サポートサービスの提供 ソフトバンク一次代理店業務など個人向けサービスの加入取次
2025/11/05 11:37:35,https://bahn-rep.com/dairiten-bosyu/softbankgroup2,ソフトバンク株式会社,東京都港区海岸一丁目7番1号,,1986年12月9日,"214,394百万円（2024年3月31日現在）",,,"18,889人（2024年3月31日現在）",通信キャリア事業
2025/11/05 11:37:35,https://bahn-rep.com/dairiten-bosyu/mymenu,株式会社USEN （USEN-NEXT GROUP）,東京都品川区上大崎3-1-1 目黒セントラルスクエア,,2017年6月16日,"9,641万円（グループ資本金）","1,932億円（2020年8月期連結）",,"4,845名（2020年8月期連結）",IoT PLATFORM事業 音楽配信事業 エネルギー事業 保険事業 開業、増移転支援サービス 店舗運用支援サービス 店舗通販サービス
2025/11/05 11:37:35,https://bahn-rep.com/dairiten-bosyu/ftbeee,株式会社エフティグループ,東京都中央区日本橋蛎殻町2-13-6 EDGE水天宮,,1985年8月1日,"1,344百万円（2022年3月31日現在）","40,698百万円（2023年3月期）",,連結396名（2022年3月31日現在）,ソリューション事業 環境事業 インターネット事業 技術サポート事業 非常用電源の負荷試験事業 NTT事業 パートナー事業
2025/11/05 11:37:35,https://bahn-rep.com/dairiten-bosyu/matometehikarisumamoba,スマートモバイルコミュニケーションズ株式会社,東京都新宿区西早稲田2-20-9 小杉ビル西早稲田,,2007年2月13日,51百万円（2023年12月末現在）グループ資本金,"3,758百万円（2023年12月末現在）連結",ソリューション営業部,,MVNO事業 電気通信事業法に定める電気通信事業 情報処理サービス業ならびに情報提供サービス業
2025/11/05 11:37:35,https://bahn-rep.com/dairiten-bosyu/tsuushin-hikari-websupport,株式会社ウェブサポート,大阪府大阪市浪速区元町3-10-4 晋陽ビル4階,,,,,,,光回線取次事業 プロバイダー取次事業 携帯端末取次事業 光コラボレーション取次事業
2025/11/05 11:37:35,https://bahn-rep.com/muryoukeisaiandend/paid,株式会社ラクーンフィナンシャル,東京都中央区日本橋蛎殻町1-14-14,,2010年10月,4億9000万円,,,,決済・保証事業
2025/11/05 11:37:35,https://bahn-rep.com/dairiten-bosyu/uspot,株式会社USEN （USEN-NEXT GROUP）,東京都品川区上大崎3-1-1 目黒セントラルスクエア,,2017年6月16日,"9,641万円（グループ資本金）","1,932億円（2020年8月期連結）",,"4,845名（2020年8月期連結）",IoT PLATFORM事業 音楽配信事業 エネルギー事業 保険事業 開業、増移転支援サービス 店舗運用支援サービス 店舗通販サービス
2025/11/05 11:37:36,https://bahn-rep.com/dairiten-bosyu/upay,株式会社USEN （USEN-NEXT GROUP）,東京都品川区上大崎3-1-1 目黒セントラルスクエア,,2017年6月16日,"9,641万円（グループ資本金）","1,932億円（2020年8月期連結）",,"4,845名（2020年8月期連結）",IoT PLATFORM事業 音楽配信事業 エネルギー事業 保険事業 開業、増移転支援サービス 店舗運用支援サービス 店舗通販サービス
2025/11/05 11:37:36,https://bahn-rep.com/dairiten-bosyu/smokeclear,株式会社エルゴジャパン,東京都品川区大崎1-6-4 新大崎勧業ビルディング7F,,1988年創業（2005年設立）,"5,000万円",,スモーククリア営業部,,喫煙ブース製造 空気清浄機製造 商業施設向け椅子製造 パーソナルボード製造 飛沫防止パーテーション製造
2025/11/05 11:37:36,https://bahn-rep.com/dairiten-repre,バーンコンサルティングソリューショングループ株式会社,愛知県名古屋市中区丸の内2-17-13 NK丸の内ビル2F,,,,,,,・コンサルティング事業 ・インターネットマーケティング事業 ・ビジネスマッチングサイト「代理店募集サイト【レプレ】」の企画・開発・運営 ・フランチャイズランキングサイト「FCER」の企画・開発・運営
2025/11/05 11:37:36,https://bahn-rep.com/dairiten-bosyu/usenanshinhoken,株式会社USEN （USEN-NEXT GROUP）,東京都品川区上大崎3-1-1 目黒セントラルスクエア,,2017年6月16日,"9,641万円（グループ資本金）","1,932億円（2020年8月期連結）",,"4,845名（2020年8月期連結）",IoT PLATFORM事業 音楽配信事業 エネルギー事業 保険事業 開業、増移転支援サービス 店舗運用支援サービス 店舗通販サービス
2025/11/05 11:37:36,https://bahn-rep.com/dairiten-bosyu/haluenedenki2,株式会社ハルエネ,東京都豊島区西池袋一丁目4-10,,2010年6月1日,1億円,"1,150億円（2023年3月期）",,70名,経済産業省 小売電気事業者（事業者コード A0311） ハルエネでんき ハルエネガス
2025/11/05 11:37:36,https://bahn-rep.com/dairiten-bosyu/ecologpropan,株式会社エコログ,東京都豊島区西池袋1-4-10,,2020年7月31日,"2,000万円","1,000百万円（2022年3月）",エネルギー事業部,50名,エネルギー事業 経済産業省 ガス小売事業者（A0086） 東京都 液化石油ガス販売事業者（13A0741） 経済産業省 小売電気事業者（A0550）
2025/11/05 11:37:36,https://bahn-rep.com/dairiten-bosyu/toritsugisalespartner,株式会社セールスパートナー,東京都豊島区南池袋2-9-9,,2006年12月15日,1億100万円,,,,リアルアフィリエイト事業 OEM事業
2025/11/05 11:37:36,https://bahn-rep.com/dairiten-bosyu/nsskkoutekishikinnkms,NSSホールディングス株式会社,東京都新宿区西新宿6-8-1 住友不動産新宿オークタワー21階,,2007年1月4日,"5,000万円（グループ合計1億円）",,,324名（グループ全体）,助成金コンサルティング事業 ISOサポート事業 クラウドコミュニケーション事業 法人向けソリューション事業 Webマーケティング事業 教育研修事業
2025/11/05 11:37:36,https://bahn-rep.com/dairiten-bosyu/nysknverec,NowYouSee株式会社,北海道札幌市中央区南9条西6丁目1-1 シティビル5F,,2019年10月,"2,300万円",,,30名,ECインフラ・カスタマーサポート、インターネット事業、アパレル事業、デザイン事業、マーケティング事業
2025/11/05 11:37:36,https://bahn-rep.com/muryoukeisaiandend/tebasaki-tsubasaya-lande,株式会社L&E,愛知県名古屋市昭和区東畑町1-56-3,,1984年,"7,500万円",,,,本格手羽先唐揚げ・居酒屋チェーン「つばさや」の直営およびFC（フランチャイズ）運営
2025/11/05 11:37:36,https://bahn-rep.com/dairiten-bosyu/chrea,一般社団法人クレア人財育英協会（SAグループ）,東京都千代田区紀尾井町3-12 紀尾井町ビル6F,,,,,,,雇用クリーン認定制度の運営
2025/11/05 11:37:36,https://bahn-rep.com/dairiten-bosyu/happyeneset,株式会社エコログ,東京都豊島区西池袋1-4-10,,2020年7月31日,"10,000万円","1,000百万円（2022年3月）",エネルギー事業部,50名,エネルギー事業 経済産業省 ガス小売事業者（A0086） 東京都 液化石油ガス販売事業者（13A0741） 経済産業省 小売電気事業者（A0550）
2025/11/05 11:37:36,https://bahn-rep.com/dairiten-bosyu/salespartneroem,株式会社セールスパートナー,東京都豊島区南池袋2-9-9,,2006年12月15日,1億100万円,,,,リアルアフィリエイト事業 OEM事業
2025/11/05 11:37:36,https://bahn-rep.com/muryoukeisaiandend/stadiumim2,株式会社スタジアム,東京都港区赤坂3-4-3 赤坂マカベビル6F,,2012年8月,"2,026,560,000円（準備金含む）",,,165名（2022年6月末現在）,営業代行 ビジネスプロセスアウトソーシング Webサービス・アプリ・システムの企画・開発・販売の事業企画・運営
2025/11/05 11:37:36,https://bahn-rep.com/dairiten-bosyu/zepecable,株式会社ZEPE（ゼペ）,東京都千代田区神田小川町2-2 センタークレストビル7F,,2008年11月17日,"2,000万円",,パートナー事業部,127名※その他従事者217名（令和5年10月1日現在）,アウトソーシング事業 電気通信事業 ソリューション事業 スポーツ事業 エコロジー推進事業 不動産事業
2025/11/05 11:37:36,https://bahn-rep.com/dairiten-bosyu/qbnailkizuna,絆ホールディングス株式会社,東京都新宿区新宿6-24-20 KDX新宿六丁目ビル9F,,2008年4月10日,"5,000万円",75億円,FC加盟事業部,250名,PR事業 ソリューション事業 HR事業 コールセンター事業 美容事業
2025/11/05 11:37:36,https://bahn-rep.com/muryoukeisaiandend/nln-dbarai,株式会社NLNジャパン（NLNグループ）,東京都新宿区西新宿6丁目6番3号,,2003年10月1日,"2,000万円",,,,決済サービスの販売 WEB広告サービスの販売 オフィス業務効率化サービスの販売 地盤ネット事業
2025/11/05 11:37:36,https://bahn-rep.com/dairiten-bosyu/glgwsaihanpartner,Global Gateway株式会社,東京都千代田区丸の内2-5-1 丸の内二丁目ビル4階,,2020年4月7日,"3,000万円",,ビジネス開発事業部,,ICT、通信コンサルティング事業 通信関連商品の輸入販売 貿易事業
2025/11/05 11:37:36,https://bahn-rep.com/muryoukeisaiandend/blayntouchpanel,ブレイン株式会社,東京都港区六本木6丁目10番1号 六本木ヒルズ森タワー17階,,2003年2月,1億円,,営業統括本部,,クラウド型サービスの企画・開発、運営事業 ハードウェアの企画・開発
2025/11/05 11:37:36,https://bahn-rep.com/muryoukeisaiandend/huhyokuchikomipd,株式会社Giv-ning（ギブニング）,東京都新宿区四谷坂町10-12 ガーデンタワー37 8F,,,,,パートナー事業部,,高評価クチコミ獲得支援ツール「クチコミッション」運営 SaaSツールの開発、提供、代理販売・実店舗サービスへの経営支援
2025/11/05 11:37:36,https://bahn-rep.com/dairiten-bosyu/yuushimadoguchi,トキワコンサルティング株式会社,東京都千代田区紀尾井町3-8 第2紀尾井町ビル903,,2015年9月28日,1000万円,,,,資金調達支援、経理代行
2025/11/05 11:37:36,https://bahn-rep.com/dairiten-bosyu/marubenimxmobisogo,MXモバイリング株式会社,東京都江東区豊洲3-2-24 豊洲フォレシア 大阪市中央区久太郎町4-1-3 大阪センタービル7階,,1972年12月15日,10億円,"1,334億円（2023年3月期）",法人事業本部 法人ソリューション事業部 ネットワーク営業部（パートナー営業グループ）関西支店,"4,258名（2024年4月1日現在）",携帯電話の販売代理店（ショップ運営） 携帯電話関連商品等の販売 法人向け携帯端末・ソリューションの提供 光回線サービス事業、その他取次事業 銀行代理業、保険代理業
2025/11/05 11:37:36,https://bahn-rep.com/muryoukeisaiandend/revot,株式会社Arts Japan,愛知県名古屋市中村区平池町4-60-12 グローバルゲート11F,,2020年5月12日,"3,310万円",,パートナー事業部,25名（業務委託・アルバイト含む）,教育現場DXのオールインワンSaaS「Revot」シリーズの開発・運営 学習データ活用及びコンサルティング業務 教育×テクノロジーに特化した情報メディア「Revot Magazine」の運営
2025/11/05 11:37:36,https://bahn-rep.com/dairiten-bosyu/codelic,株式会社コードリック,石川県金沢市古府3-45-2,,2018年5月16日,"10,000,000円",,,,人工知能設計・開発 システム・アプリケーション開発 商品デザイン・ブランディング 法人向け設備機器開発 産業機器設計・開発
2025/11/05 11:37:36,https://bahn-rep.com/dairiten-bosyu/bfollowai1,株式会社アプリケーション,東京都豊島区東池袋1-32-4 藤原ビル5階,,2016年3月18日,,,協業パートナー事業部,30名,システム開発、アプリ開発、WEBデザイン、WEBマーケティング、VR制作、LINEスタンプ、WEB漫画、起業0円の運営、火災保険申請事務局の運営
2025/11/05 11:37:36,https://bahn-rep.com/muryoukeisaiandend/nacoowith,株式会社ナック,東京都新宿区西新宿1-25-1 新宿センタービル42階,,1971年5月20日,"67億2,949万3,750円",570億円（2023年3月期連結）,,"連結1,591名（パート・アルバイトは除く）",クリクラ事業 レンタル事業 建築コンサルティング事業 住宅事業 美容健康事業
2025/11/05 11:37:36,https://bahn-rep.com/muryoukeisaiandend/shokenanket,株式会社湘建,横浜市西区みなとみらい3-6-1 みなとみらいセンタービル19階,,2009年1月13日,1億円,150億円（2023年実績）,,89名,不動産の売買 不動産の仲介 不動産のコンサルティング 不動産の販売代理業 不動産の賃貸管理 リフォーム事業
2025/11/05 11:37:36,https://bahn-rep.com/dairiten-bosyu/enecloud,エネクラウド株式会社,東京都渋谷区道玄坂1-19-2 SPLINEビル6F,,2012年5月,"1億2,000万円",,パートナーセールス事業部,,クラウド電気コンサルティング事業
2025/11/05 11:37:36,https://bahn-rep.com/dairiten-bosyu/multifunctionallight,ソニーネットワークコミュニケーションズ株式会社,東京都品川区東品川4-12-3 品川シーサイドTSタワー,,1995年11月1日,79億69百万円,,IoT事業部スマートホームサービス部,"1,823名（2022年3月31日現在連結）",ISP事業 NURO 光事業 モバイル事業 IoT事業 メディア＆アドプラットフォーム事業 法人サービス事業
2025/11/05 11:37:36,https://bahn-rep.com/dairiten-bosyu/lpiowaterserver,株式会社エルピオ,千葉県市川市曽谷1-30-18,,1965年4月,"9,850万円（グループ合計 1億2,850万円）",112億円,ライフソリューション本部,324名,LPガスの供給及び各種ガス機器の販売 電力小売事業 都市ガス小売事業 ハウスクリーニング事業 通信事業
2025/11/05 11:37:36,https://bahn-rep.com/dairiten-bosyu/lpiodenki,株式会社エルピオ,千葉県市川市曽谷1-30-18,,1965年4月,"9,850万円（グループ合計 1億2,850万円）",112億円,ライフソリューション本部,324名,LPガスの供給及び各種ガス機器の販売 電力小売事業 都市ガス小売事業 ハウスクリーニング事業 通信事業
2025/11/05 11:37:36,https://bahn-rep.com/dairiten-bosyu/rakurakudenki,株式会社エクスパートナーズ,東京都新宿区西新宿6-12-1 西新宿パークウエストビル4階,,2020年1月28日,"2,000万円",,楽々でんきパートナー事業部,,アライアンス事業 新電力事業 Web制作事業
2025/11/05 11:37:36,https://bahn-rep.com/dairiten-bosyu/nunokame,布亀株式会社,兵庫県西宮市今津二葉町3-6,,明治9年（設立1960年2月18日）,9800万円,,営業企画管理部,"2,500名（2022年3月）",配置薬事業 マザーケア宅配事業 漢方薬事業 マザーケア在宅サービス事業 通販事業 家庭生活応援事業
2025/11/05 11:37:36,https://bahn-rep.com/muryoukeisaiandend/dougamanualasweb,株式会社マニュアルプロダクション,愛知県名古屋市西区那古野2-14-1 なごのキャンパス,,2017年4月19日,"163,290,000円",,,,動画マニュアルサーバーの管理・運営 飲食店向け動画マニュアル制作
2025/11/05 11:37:36,https://bahn-rep.com/muryoukeisaiandend/intervmanupro,株式会社マニュアルプロダクション,愛知県名古屋市西区那古野2-14-1 なごのキャンパス,,2017年4月19日,"163,290,000円",,,,動画マニュアルサーバーの管理・運営 飲食店向け動画マニュアル制作
2025/11/05 11:37:36,https://bahn-rep.com/dairiten-bosyu/energyems,エナジー株式会社,名古屋市中区丸の内2-16-3 丸の内ATビル9階,,,"1億5,000万円（グループ資本金）",,,,フィットネスジム経営 飲食店経営
2025/11/05 11:37:36,https://bahn-rep.com/muryoukeisaiandend/stacchi,株式会社マニュアルプロダクション,愛知県名古屋市西区那古野2-14-1 なごのキャンパス,,2017年4月19日,"163,290,000円",,Stacchiパートナー事業部,,動画マニュアルサーバーの管理・運営 飲食店向け動画マニュアル制作
2025/11/05 11:37:37,https://bahn-rep.com/muryoukeisaiandend/nanodental,日本ビテイリース株式会社 （ナノスイカンパニー）,静岡県富士市川成島290-5,,2005年6月30日,"1,500万円",,,,食料品、酒類、清涼飲料水の販売 医薬品医療器具及び化粧品の販売
2025/11/05 11:37:37,https://bahn-rep.com/interview/itvenergy,エナジー株式会社,名古屋市中区丸の内2-16-3 丸の内ATビル9階,,,"1億5,000万円（グループ資本金）",,,,フィットネスジム経営 飲食店経営
2025/11/05 11:37:37,https://bahn-rep.com/muryoukeisaiandend/mediatalk,メディアリンク株式会社,東京都港区芝5-31-17 PMO田町5F,,2009年7月31日,1億円,"2,322百万円（2022年11月期）",AI推進部,連結：112名 単体：82名（アルバイト含む）※2023年5月時点,コールセンターに関するシステムの企画・設計・製造・導入・保守・運用及びコンサルティング ソフトウェア製品の企画・開発および販売・保守 コンピュータシステムの企画・設計・製造・導入・保守・運用及びコンサルティング 情報通信システムに関わる機器、装置の販売・レンタル・保守点検 情報通信ネットワークの設計・設定・保守 情報通信システムのクラウド型販売 固定電話回線、携帯電話の取次事業 インターネット関連事業 上記に付帯する一切の業務
2025/11/05 11:37:37,https://bahn-rep.com/dairiten-bosyu/remophonecloud,合同会社クラウドエンジン,北海道札幌市中央区南2条東2丁目16 堀尾ビル2F,,2020年11月6日,,,販売パートナー事業部,,IP電話サービスの開発・運営 マーケティング事業
2025/11/05 11:37:37,https://bahn-rep.com/muryoukeisaiandend/nanobubblesanso,日本ビテイリース株式会社 （ナノスイカンパニー）,静岡県富士市川成島290-5,,2005年6月30日,"1,500万円",,,,食料品、酒類、清涼飲料水の販売 医薬品医療器具及び化粧品の販売
2025/11/05 11:37:37,https://bahn-rep.com/muryoukeisaiandend/mttd,丸紅テレコム株式会社,東京都江東区豊洲三丁目2-24 豊洲フォレシア,,2015年4月1日,"5,000万円",,,136名（2020年4月1日現在）,各種通信事業、電力小売事業一次代理店
2025/11/05 11:37:37,https://bahn-rep.com/muryoukeisaiandend/nanoozone,日本ビテイリース株式会社 （ナノスイカンパニー）,静岡県富士市川成島290-5,,2005年6月30日,"1,500万円",,,,食料品、酒類、清涼飲料水の販売 医薬品医療器具及び化粧品の販売
2025/11/05 11:37:37,https://bahn-rep.com/muryoukeisaiandend/fujitozansui,ナノスイカンパニー （日本ビテイリース株式会社）,静岡県富士市川成島290-5,,2005年6月30日,"1,500万円",,,,食料品、酒類、清涼飲料水の販売 医薬品医療器具及び化粧品の販売
2025/11/05 11:37:37,https://bahn-rep.com/muryoukeisaiandend/nanoallsyozai,ナノスイカンパニー （日本ビテイリース株式会社）,静岡県富士市川成島290-5,,2005年6月30日,"1,500万円",,,,食料品、酒類、清涼飲料水の販売 医薬品医療器具及び化粧品の販売
2025/11/05 11:37:37,https://bahn-rep.com/muryoukeisaiandend/nanooxygen,日本ビテイリース株式会社 （ナノスイカンパニー）,静岡県富士市川成島290-5,,2005年6月30日,"1,500万円",,,,食料品、酒類、清涼飲料水の販売 医薬品医療器具及び化粧品の販売
2025/11/05 11:37:37,https://bahn-rep.com/muryoukeisaiandend/imachikanennaicp,いまチカ株式会社,東京都中央区銀座1丁目16-7 銀座大栄ビル5F,,2017年11月,"78,000,000円",,パートナー事業部,,AI、ブロックチェーン、検索エンジン等プロダクト開発
2025/11/05 11:37:37,https://bahn-rep.com/muryoukeisaiandend/imachika,いまチカ株式会社,東京都中央区銀座1丁目16-7 銀座大栄ビル5F,,2017年11月,"78,000,000円",,パートナー事業部,,AI、ブロックチェーン、検索エンジン等プロダクト開発
2025/11/05 11:37:37,https://bahn-rep.com/muryoukeisaiandend/nanosuimskubaru,ナノスイカンパニー （日本ビテイリース株式会社）,静岡県富士市川成島290-5,,2005年6月30日,"1,500万円",,,,食料品、酒類、清涼飲料水の販売 医薬品医療器具及び化粧品の販売
2025/11/05 11:37:37,https://bahn-rep.com/muryoukeisaiandend/rfbsuiso,一般社団法人就職支援機構,東京都中央区銀座6-13-16 銀座Wallビル5F,,2018年2月,,,,,人材紹介業 催事販売業
2025/11/05 11:37:37,https://bahn-rep.com/muryoukeisaiandend/rivalm,株式会社ディライトソリューションズ,東京都新宿区西新宿6-5-1 新宿アイランドタワー20F,,2015年9月1日,,,,,経営コンサルティング 広告代理業 販売促進戦略の企画立案 外市場展開に関する企画立案及びコンサルティング
2025/11/05 11:37:37,https://bahn-rep.com/muryoukeisaiandend/avanchal,アヴァンチャル （フランスBaghera社日本正規輸入代理店）,東京都中央区銀座7-13-6 サガミビル2F,,,,,,,輸入販売 翻訳業務
2025/11/05 11:37:37,https://bahn-rep.com/dairiten-bosyu/jyutakumarugotocdl,株式会社コードリック,石川県金沢市古府3-45-2,,2018年5月16日,"10,000,000円",,,,人工知能設計・開発 システム・アプリケーション開発 商品デザイン・ブランディング 法人向け設備機器開発 産業機器設計・開発
2025/11/05 11:37:37,https://bahn-rep.com/muryoukeisaiandend/beha2,株式会社BE HAPPY,東京都港区南青山1-15-9 第45興和ビル8F,,2015年4月,800万円（グループ資本金2400万円）,,,48名（グループ従業員368名）,損害保険申請サポート 民泊サイト運営代行 不動産コンサルティング マンスリー・ウィークリーマンションの運営コンサルティング 海外旅行者向けサービス提供
2025/11/05 11:37:37,https://bahn-rep.com/muryoukeisaiandend/careezo,ダブルエース株式会社,愛知県名古屋市中区丸の内2-20-25 メットライフ名古屋丸の内ビル2F,,2015年9月18日,,,代理店統括,100名（2024年1月現在）,セールスプロモーション事業 携帯ショップ向けコンサルティング事業 YouTube運用、動画制作事業 SNS運用事業 有料職業紹介許可番号：23 ユ-302392
2025/11/05 11:37:37,https://bahn-rep.com/muryoukeisaiandend/kkshokenmachingc,株式会社湘建,横浜市西区みなとみらい3-6-1 みなとみらいセンタービル19階,,2009年1月13日,1億円,150億円（2023年実績）,,89名,不動産の売買 不動産の仲介 不動産のコンサルティング 不動産の販売代理業 不動産の賃貸管理 リフォーム事業
2025/11/05 11:37:37,https://bahn-rep.com/dairiten-bosyu/webpkgsstw,株式会社エフティグループ,東京都中央区日本橋蛎殻町2-13-6 EDGE水天宮,,1985年8月1日,"1,344百万円（2022年3月31日現在）","40,698百万円（2023年3月期）",,連結396名（2022年3月31日現在）,ソリューション事業 環境事業 インターネット事業 技術サポート事業 非常用電源の負荷試験事業 NTT事業 パートナー事業
2025/11/05 11:37:37,https://bahn-rep.com/dairiten-bosyu/premiumwater,プレミアムウォーター株式会社,東京都渋谷区神宮前1-23-26 神宮前123ビル,,2016年4月,3億円（2021年3月時点）,,販売パートナー事業部,707名（2021年10月時点）,ミネラルウォーター等の飲料水の製造及び販売 各種付帯サービスの提供
2025/11/05 11:37:37,https://bahn-rep.com/muryoukeisaiandend/aichatgptimachikaserv,いまチカ株式会社,東京都中央区銀座1丁目16-7 銀座大栄ビル5F,,2017年11月,"78,000,000円",,パートナー事業部,,AI、ブロックチェーン、検索エンジン等プロダクト開発
2025/11/05 11:37:37,https://bahn-rep.com/dairiten-bosyu/nysnetshopecbiz,NowYouSee株式会社,北海道札幌市中央区南9条西6丁目1-1 シティビル5F,,2019年10月,"2,300万円",,,30名,物流事業 人材派遣事業 職業紹介事業 オウンドメディア事業 インターネット事業 アパレル事業 アプリ開発事業 デザイン事業 マーケティング事業
2025/11/05 11:37:37,https://bahn-rep.com/muryoukeisaiandend/makit,株式会社シナジー,大阪府大阪市中央区南本町2-2-9 辰野南本町ビル7F,,2010年1月,"3,000万円",,,280名,CTIシステム開発 コンサルティング事業 コールセンター事業 マーケティング事業 電気通信事業届出事業者（届出番号：E-24-03628）
2025/11/05 11:37:37,https://bahn-rep.com/muryoukeisaiandend/enesite,株式会社エネサイト,鹿児島県鹿児島市鷹師2-7-20 ロワイヤル新上橋1階,,2013年10月1日,900万円,,,,住宅用太陽光発電システムの販売、施工 産業用太陽光発電システムの施工 中古太陽光投資物件の販売 太陽光発電設備の保守、点検、メンテナンス業務 電気設備工事全般（住宅、ビル、病院、事務所等） 住宅オール電化のご提案と施工 住宅ローン借り換えによる、ゼロ円、低コストリフォーム、太陽光設備導入のご提案
2025/11/05 11:37:37,https://bahn-rep.com/muryoukeisaiandend/rakutenmobilebiz,楽天モバイル株式会社,東京都世田谷区玉川一丁目14番1号 楽天クリムゾンハウス,,,,,,"4,830人（2023年1月1日現在）",電気通信事業法に基づく電気通信事業その他通信に関する事業
2025/11/05 11:37:37,https://bahn-rep.com/dairiten-bosyu/writeupjdn,株式会社ライトアップ,東京都渋谷区渋谷2-15-1 渋谷クロスタワー32F,,2002年4月5日,"3億8,638万円",,,約150名（役員、在宅勤務・育休、契約社員、インターン含む）,Jシステム Jコンサルティング JDネットワーク Jエンジン MG ONLINE WEBコンテンツ企画制作サービス メールクリエイト
2025/11/05 11:37:38,https://bahn-rep.com/muryoukeisaiandend/ramen-toripaitan-tenposougou,株式会社店舗総合研究所,東京都豊島区東池袋4-25-12 池袋今泉ビル8階,,2005年9月30日,"5,000万円（グループ連結資本金1億円）",,,,飲食店本部運営 ライセンス本部運営 出店戦略 立地戦略 立地診断基準策定
2025/11/05 11:37:38,https://bahn-rep.com/muryoukeisaiandend/fcpqrfood,株式会社エフシープレミア,愛知県名古屋市西区上名古屋2-21-3 マースプラザビル3階,,2019年12月12日,"5,000万円",,,979名（グループ全体／2021年4月時）,フランチャイズ本部事業 飲食事業 食品製造卸販売事業 店舗サポート事業
2025/11/05 11:37:38,https://bahn-rep.com/muryoukeisaiandend/llscoutbank,株式会社ライフライン,石川県金沢市新保本4-65-16,,2001年2月22日,"5,000万円（グループ資本金）",,,120名,人材派遣 人材紹介 採用支援 採用計画の企画立案などを含む人事コンサルティング
2025/11/05 11:37:38,https://bahn-rep.com/dairiten-bosyu/artemis,株式会社PocketSoft,愛知県名古屋市東区泉1-16-7 K21ビル6F,,2007年1月17日,1600万円,,パッケージ営業部,,勤怠・給与管理アプリ「アルテミス」のシステム開発及び運営 ソフトウェア製品の企画・開発・運営や、請負契約によるシステム開発（要件定義～運用保守） ビッグデータ解析 コーポレートサイト構築 iPhone・Android（TM） アプリ開発 カーナビシステム構築 マーケティングシステム構築
2025/11/05 11:37:38,https://bahn-rep.com/muryoukeisaiandend/pgcashless,株式会社エフシープレミア,愛知県名古屋市西区上名古屋2-21-3 マースプラザビル3階,,2019年12月12日,"5,000万円",,,979名（グループ全体／2021年4月時）,フランチャイズ本部事業 飲食事業 食品製造卸販売事業 店舗サポート事業
2025/11/05 11:37:38,https://bahn-rep.com/dairiten-bosyu/zenno,株式会社ZEN NO,茨城県古河市西間中橋15-1,,,500万円,,パートナー事業部,,光触媒コーティング
2025/11/05 11:37:38,https://bahn-rep.com/muryoukeisaiandend/haluenecostcut,株式会社ハルエネ,東京都豊島区西池袋一丁目4-10,,2010年6月1日,1億円,955億4100万円（2022年3月時点）,,,小売電気事業 ハルエネでんき ハルエネガス
2025/11/05 11:37:38,https://bahn-rep.com/dairiten-bosyu/aokj,KOC・JAPAN株式会社,東京都中央区銀座7-16-21 銀座木挽ビル4階,,,"466,000,000円（資本準備金含む）",,,,飲食店舗を中心とした広告代理業務 アプリ開発・運営
2025/11/05 11:37:38,https://bahn-rep.com/muryoukeisaiandend/dougamanualsv,株式会社マニュアルプロダクション,愛知県名古屋市西区那古野2-14-1 なごのキャンパス,,2017年4月19日,"163,290,000円",,Stacchiパートナー事業部,,動画マニュアルサーバーの管理・運営 飲食店向け動画マニュアル制作
2025/11/05 11:37:38,https://bahn-rep.com/dairiten-bosyu/cnconnectplus,株式会社Connect Answer,神奈川県横浜市中区桜⽊町1-101-1 クロスゲート7階,,2020年9月,,,,,HR・PRO・求人・人材支援事業 助成金・補助金申請サポート事業 ECコンサルティング事業 Web・デジタルマーケティング事業 インターネット広告事業 WEB制作・メディア制作事業
2025/11/05 11:37:38,https://bahn-rep.com/muryoukeisaiandend/fooddelivery4,株式会社エフシープレミア,愛知県名古屋市西区上名古屋2-21-3 マースプラザビル3階,,2019年12月12日,"5,000万円",,,979名（グループ全体／2021年4月時）,フランチャイズ本部事業 飲食事業 食品製造卸販売事業 店舗サポート事業
2025/11/05 11:37:38,https://bahn-rep.com/muryoukeisaiandend/fcprakutenpay,株式会社エフシープレミア,愛知県名古屋市西区上名古屋2-21-3 マースプラザビル3階,,2019年12月12日,"5,000万円",,,979名（グループ全体／2021年4月時）,フランチャイズ本部事業 飲食事業 食品製造卸販売事業 店舗サポート事業
2025/11/05 11:37:38,https://bahn-rep.com/muryoukeisaiandend/sterapack,株式会社エフシープレミア,愛知県名古屋市西区上名古屋2-21-3 マースプラザビル3階,,2019年12月12日,"5,000万円",,,979名（グループ全体／2021年4月時）,フランチャイズ本部事業 飲食事業 食品製造卸販売事業 店舗サポート事業
2025/11/05 11:37:38,https://bahn-rep.com/muryoukeisaiandend/jmutvpjm,株式会社ジャストマリッジ,東京都港区赤坂4-8-19 赤坂フロントタウン3階,,2021年9月28日,525万円,,パートナー事業部,,婚活コーチング事業 ビジネスマッチング事業 婚活サービス「ジャスマリのFun婚活」 ダイエットシーシャ正規加盟店
2025/11/05 11:37:38,https://bahn-rep.com/dairiten-bosyu/tokaigroup,株式会社TOKAI,東京都港区海岸1-9-1浜離宮インターシティ 静岡市葵区常磐町2-6-8,,1950年12月23日,140億4百万円,2301億90百万円（2023年3月）,東京本社 LS本部 開発事業部 開発部 開発課,"1,474名",エネルギー事業 アクア事業 住宅・リフォーム事業 建築設備不動産事業 セキュリティ事業
2025/11/05 11:37:38,https://bahn-rep.com/muryoukeisaiandend/haluenegas,株式会社ハルエネ,東京都豊島区西池袋一丁目4-10,,2010年6月1日,1億円,955億4100万円（2022年3月時点）,,,小売電気事業 ハルエネでんき ハルエネガス
2025/11/05 11:37:38,https://bahn-rep.com/dairiten-bosyu/ticketandpay,株式会社USEN （USEN-NEXT GROUP）,東京都品川区上大崎3-1-1 目黒セントラルスクエア,,2017年6月16日,"9,641万円（グループ資本金）","1,932億円（2020年8月期連結）",,"4,845名（2020年8月期連結）",IoT PLATFORM事業 音楽配信事業 エネルギー事業 保険事業 開業、増移転支援サービス 店舗運用支援サービス 店舗通販サービス
2025/11/05 11:37:38,https://bahn-rep.com/muryoukeisaiandend/moraeru,NSSスマートコンサルティング株式会社,東京都新宿区西新宿6丁目8-1 住友不動産新宿オークタワー21階,,2016年10月,1億円（グループ資本金）,,,,助成金コンサルティング事業 ISOコンサルティング事業 オフィスサポート事業
2025/11/05 11:37:38,https://bahn-rep.com/muryoukeisaiandend/consulemoraeru,NSSスマートコンサルティング株式会社,東京都新宿区西新宿6丁目8-1 住友不動産新宿オークタワー21階,,2016年10月,1億円（グループ資本金）,,,,助成金コンサルティング事業 ISOコンサルティング事業 オフィスサポート事業
2025/11/05 11:37:38,https://bahn-rep.com/muryoukeisaiandend/syoeitai,宗教法人證大寺,東京都江戸川区春江町4-23-1,,承和2年（西暦835年）宗教法人設立1953年,,,,,證大寺・昭和浄苑が運営する霊園の維持管理等
2025/11/05 11:37:38,https://bahn-rep.com/muryoukeisaiandend/nssmoraeru,NSSスマートコンサルティング株式会社,東京都新宿区西新宿6丁目8-1 住友不動産新宿オークタワー21階,,2016年10月,1億円（グループ資本金）,,,,助成金コンサルティング事業 ISOコンサルティング事業 オフィスサポート事業
2025/11/05 11:37:38,https://bahn-rep.com/muryoukeisaiandend/linemobileorder,ブレイン株式会社,東京都港区六本木6丁目10番1号 六本木ヒルズ森タワー17階,,2003年2月,1億円,,営業統括本部,,クラウド型サービスの企画・開発、運営事業 ハードウェアの企画・開発
2025/11/05 11:37:38,https://bahn-rep.com/muryoukeisaiandend/itdounyumobileod,ブレイン株式会社,東京都港区六本木6丁目10番1号 六本木ヒルズ森タワー17階,,2003年2月,1億円,,営業統括本部,,クラウド型サービスの企画・開発、運営事業 ハードウェアの企画・開発
2025/11/05 11:37:38,https://bahn-rep.com/muryoukeisaiandend/bmemeo,ブレイン株式会社,東京都港区六本木6丁目10番1号 六本木ヒルズ森タワー17階,,2003年2月,1億円,,営業統括本部,,クラウド型サービスの企画・開発、運営事業 ハードウェアの企画・開発
2025/11/05 11:37:38,https://bahn-rep.com/muryoukeisaiandend/originalinsta,株式会社original,東京都品川区東五反田1-11-7 三ツ星ビル1号館5F-B,,2013年11月22日,"7,000,000円",,,,インスタグラム運用サポート（aim@） インスタグラム投稿、運用代行 Twitter運用サポート LINE公式アカウント運用サポート GoogleMAP上位表示対策（MEO対策） インスタ＆Googleマイビジネス自動管理ツール WEBサイト制作 広告代理業
2025/11/05 11:37:38,https://bahn-rep.com/muryoukeisaiandend/ivry,株式会社IVRy,東京都台東区小島2-14-5 毛利ビル302,,2019年3月,,,,,クラウド型電話自動応答（IVR）サービス（IVRy）の運営 届出電気通信事業者（A-02-18014） 主要取引：博報堂、リクルート、アントレ、アルヒなど
2025/11/05 11:37:39,https://bahn-rep.com/muryoukeisaiandend/ivryinsyoku,株式会社IVRy,東京都台東区小島2-14-5 毛利ビル302,,2019年3月,,,,,クラウド型電話自動応答（IVR）サービス（IVRy）の運営 届出電気通信事業者（A-02-18014） 主要取引：博報堂、リクルート、アントレ、アルヒなど
2025/11/05 11:37:39,https://bahn-rep.com/dairiten-bosyu/usendenki,株式会社USEN （USEN-NEXT GROUP）,東京都品川区上大崎3-1-1 目黒セントラルスクエア,,2017年6月16日,"9,641万円（グループ資本金）","1,932億円（2020年8月期連結）",,"4,845名（2020年8月期連結）",IoT PLATFORM事業 音楽配信事業 エネルギー事業 保険事業 開業、増移転支援サービス 店舗運用支援サービス 店舗通販サービス
2025/11/05 11:37:39,https://bahn-rep.com/muryoukeisaiandend/nichigasshizuoka,日本瓦斯株式会社,東京都渋谷区代々木4-31-8,,1955年7月29日,70億7千万円,"1,625億5,200万円（2022年3月期）",南関東支店第三部,"1,775名（連結）※2022年4月1日時点",ガス事業（LPガス、都市ガス）、電力事業、一般高圧ガスの販売、ガス機器・空調機器の販売、リフォーム事業、総合設備工事、ソフトウェア販売
2025/11/05 11:37:39,https://bahn-rep.com/muryoukeisaiandend/tbm,株式会社TBM,東京都千代田区有楽町1-2-2 東宝日比谷ビル15F,,2011年8月30日,"234億2,993万円（資本準備金含む）",,営業本部,297名（2023年1月時点）,環境配慮型の素材開発及び製品の製造、販売 資源循環を促進する事業等
2025/11/05 11:37:39,https://bahn-rep.com/muryoukeisaiandend/sakugen-win,有限会社えんがわ,岐阜県各務原市鵜沼東町6-76-1 ハイシンフォニー2F,,,600万円,,,,経費削減WIN!の運営
2025/11/05 11:37:39,https://bahn-rep.com/muryoukeisaiandend/toroo,株式会社ダトラ,大阪市中央区久太郎町2-5-28 久太郎町恒和ビル7階,,2014年2月,800万円,,,30名,WEBマーケティング事業採用ATS「トルー」の運営 採用マーケティング事業 中高年転職サービスFROM40 有料職業紹介事業：27-ユ-302081
2025/11/05 11:37:39,https://bahn-rep.com/muryoukeisaiandend/ivryhospital,株式会社IVRy,東京都台東区小島2-14-5 毛利ビル302,,2019年3月,,,,,クラウド型電話自動応答（IVR）サービス（IVRy）の運営 届出電気通信事業者（A-02-18014） 主要取引：博報堂、リクルート、アントレ、アルヒなど
2025/11/05 11:37:39,https://bahn-rep.com/dairiten-bosyu/bridgeplus,株式会社エフティグループ,東京都中央区日本橋蛎殻町2-13-6 EDGE水天宮,,1985年8月1日,"1,344百万円（2022年3月31日現在）","40,698百万円（2023年3月期）",,連結396名（2022年3月31日現在）,ソリューション事業 環境事業 インターネット事業 技術サポート事業 非常用電源の負荷試験事業 NTT事業 パートナー事業
2025/11/05 11:37:39,https://bahn-rep.com/muryoukeisaiandend/sasurainokanteki-tenposougou,株式会社店舗総合研究所（運営本部：株式会社TIGER）,東京都豊島区東池袋4-25-12 池袋今泉ビル8階,,2005年9月30日,"5,000万円（グループ連結資本金1億円）",,,,飲食店本部運営 ライセンス本部運営 出店戦略 立地戦略 立地診断基準策定
2025/11/05 11:37:39,https://bahn-rep.com/muryoukeisaiandend/posrejimeo,ブレイン株式会社,東京都港区六本木6丁目10番1号 六本木ヒルズ森タワー17階,,2003年2月,1億円,,営業統括本部,,クラウド型サービスの企画・開発、運営事業 ハードウェアの企画・開発
2025/11/05 11:37:39,https://bahn-rep.com/dairiten-bosyu/kanna,株式会社エフティグループ,東京都中央区日本橋蛎殻町2-13-6 EDGE水天宮,,1985年8月1日,"1,344百万円（2022年3月31日現在）","40,698百万円（2023年3月期）",,連結396名（2022年3月31日現在）,ソリューション事業 環境事業 インターネット事業 技術サポート事業 非常用電源の負荷試験事業 NTT事業 パートナー事業
2025/11/05 11:37:39,https://bahn-rep.com/dairiten-bosyu/39zero,プレミアムウォーター株式会社,東京都渋谷区神宮前1-23-26 神宮前123ビル,,2016年4月,3億円（2021年3月時点）,,営業企画本部 事業開発2部,707名（2021年10月時点）,ミネラルウォーター等の飲料水の製造及び販売 各種付帯サービスの提供
2025/11/05 11:37:39,https://bahn-rep.com/muryoukeisaiandend/applickasaihoken,株式会社アプリケーション,東京都豊島区東池袋1-32-4 藤原ビル5階5B,,2016年3月18日,,,,30名,システム開発 アプリ開発 WEBデザイン WEBマーケティング VR制作 LINEスタンプ WEB漫画 起業0円の運営 火災保険申請事務局の運営
2025/11/05 11:37:39,https://bahn-rep.com/muryoukeisaiandend/3moniblaynrezi,ブレイン株式会社,東京都港区六本木6丁目10番1号 六本木ヒルズ森タワー17階,,2003年2月,1億円,,営業統括本部,,クラウド型サービスの企画・開発、運営事業 ハードウェアの企画・開発
2025/11/05 11:37:39,https://bahn-rep.com/muryoukeisaiandend/gyoumukouritukimar,リマールエステート株式会社,東京都中央区銀座8-17-5 銀座OCT5階,,2016年12月,"16,500万円（資本準備金含む）",,パートナー事業部,,不動産テック事業 不動産事業
2025/11/05 11:37:39,https://bahn-rep.com/muryoukeisaiandend/sbeouchidenki,ソフトバンク株式会社,東京都港区海岸一丁目7番1号,,1986年12月9日,"204,309百万円（2022年3月31日現在）",,,"18,929名（2022年3月31日現在）",通信キャリア事業
2025/11/05 11:37:39,https://bahn-rep.com/muryoukeisaiandend/aprefollow,株式会社アプリケーション,東京都豊島区東池袋1-32-4 藤原ビル5階5B,,2016年3月18日,,,,30名,システム開発 アプリ開発 WEBデザイン WEBマーケティング VR制作 LINEスタンプ WEB漫画 起業0円の運営 火災保険申請事務局の運営
2025/11/05 11:37:39,https://bahn-rep.com/dairiten-bosyu/nichigasnishikantoush,日本瓦斯株式会社,東京都渋谷区代々木4-31-8,,1955年7月29日,70億7千万円,"1,625億5,200万円（2022年3月期）",西関東支店 第1部開発課,"1,775名（連結）※2022年4月1日時点",ガス事業（LPガス、都市ガス）、電力事業、一般高圧ガスの販売、ガス機器・空調機器の販売、リフォーム事業、総合設備工事、ソフトウェア販売
2025/11/05 11:37:39,https://bahn-rep.com/dairiten-bosyu/xelisting,ジーフォワード株式会社,東京都千代田区神田多町2-1 神田東山ビルC-Lounge7階,,2017年6月,"9,000,000円",,,,デジタル広告運用 システム開発 Webアプリケーション構築 IT導入コンサルティング RPA 自動化ツール作成
2025/11/05 11:37:39,https://bahn-rep.com/dairiten-bosyu/smpl39zero,プレミアムウォーター株式会社,東京都渋谷区神宮前1-23-26 神宮前123ビル,,2016年4月,3億円（2021年3月時点）,,営業企画本部 事業開発2部,707名（2021年10月時点）,ミネラルウォーター等の飲料水の製造及び販売 各種付帯サービスの提供
2025/11/05 11:37:39,https://bahn-rep.com/muryoukeisaiandend/whiteapoone,株式会社ソビア,大阪府大阪市北区西天満5-6-4 SNビル4階,,2013年5月,,,ホワイト企業認定紹介パートナー事業部,,ホワイト企業認定運営事務局 採用PR動画の制作 評価制度／賃金体系（人事コンサルティング） 労務コンサルティング（内製化支援） ホワイト化コンサルティング
2025/11/05 11:37:39,https://bahn-rep.com/muryoukeisaiandend/whitenintei,株式会社ソビア,大阪府大阪市北区西天満5-6-4 SNビル4階,,2013年5月,,,ホワイト企業認定紹介パートナー事業部,,ホワイト企業認定運営事務局 採用PR動画の制作 評価制度／賃金体系（人事コンサルティング） 労務コンサルティング（内製化支援） ホワイト化コンサルティング
2025/11/05 11:37:39,https://bahn-rep.com/muryoukeisaiandend/svsvwhitenintei,株式会社ソビア,大阪府大阪市北区西天満5-6-4 SNビル4階,,2013年5月,,,ホワイト企業認定紹介パートナー事業部,,ホワイト企業認定運営事務局 採用PR動画の制作 評価制度／賃金体系（人事コンサルティング） 労務コンサルティング（内製化支援） ホワイト化コンサルティング
2025/11/05 11:37:40,https://bahn-rep.com/muryoukeisaiandend/officephonepbx,株式会社ベルテクノス,福岡県福岡市中央区薬院3-11-3 TSビル6F 東京、神奈川、埼玉、千葉、大阪、愛知、兵庫に拠点,,2001年5月,"3,500万円",,,,OFFICE110事業 WEB事業 LED&ECO事業 情報セキュリティ
2025/11/05 11:37:40,https://bahn-rep.com/muryoukeisaiandend/isohaccp,NSSスマートコンサルティング株式会社,東京都新宿区西新宿6丁目8-1 住友不動産新宿オークタワー21階,,2016年10月,1億円（グループ資本金）,,ISOサポート事業部,,ISOコンサルティング事業 助成金コンサルティング事業 オフィスサポート事業
2025/11/05 11:37:40,https://bahn-rep.com/muryoukeisaiandend/sumairabo,一般社団法人住まいラボ,埼玉県さいたま市南区南浦和2-27-15 信庄ビル5F,,,,,,,1）ウェブサイトの運営並びに住宅設備工事の研修の実施等の生活関連業務支援事業 2）インターネットによる情報提供の広告宣伝事業 3）起業家の支援及びマネジメント能力の開発等の人材育成事業 4）各施工に伴う道具の貸与及び物品販売事業 5）事業主に対する業務の提供及び補助
2025/11/05 11:37:40,https://bahn-rep.com/muryoukeisaiandend/office110,株式会社ベルテクノス,福岡県福岡市中央区薬院3-11-3 TSビル6F 東京、神奈川、埼玉、千葉、大阪、愛知、兵庫に拠点,,2001年5月,"3,500万円",,,,OFFICE110事業 WEB事業 LED&ECO事業 情報セキュリティ
2025/11/05 11:37:40,https://bahn-rep.com/muryoukeisaiandend/seikatsutbecon,一般社団法人住まいラボ,埼玉県さいたま市南区南浦和2-27-15 信庄ビル5F,,,,,,,1）ウェブサイトの運営並びに住宅設備工事の研修の実施等の生活関連業務支援事業 2）インターネットによる情報提供の広告宣伝事業 3）起業家の支援及びマネジメント能力の開発等の人材育成事業 4）各施工に伴う道具の貸与及び物品販売事業 5）事業主に対する業務の提供及び補助
2025/11/05 11:37:40,https://bahn-rep.com/dairiten-bosyu/akiyamakobo,合同会社秋山工房,北海道斜里郡斜里町字豊里43番地2,,,,,,,ウェブデザイン制作 システム構築 マーケティング（SNS・インフルエンサー） グラフィック制作 映像制作 翻訳サービス 各種ビジネス資料作成 その他クリエイティブ業務全般
2025/11/05 11:37:40,https://bahn-rep.com/muryoukeisaiandend/saiyobdwhite,一般財団法人日本次世代企業普及機構,大阪府大阪市北区西天満5-6-4 SNビル4階,,2015年8月11日,,,パートナー事業部,,ホワイト企業認定事業
2025/11/05 11:37:40,https://bahn-rep.com/muryoukeisaiandend/isopro,NSSスマートコンサルティング株式会社,東京都新宿区西新宿6丁目8-1 住友不動産新宿オークタワー21階,,2016年10月,1億円（グループ資本金）,,ISOサポート事業部,,ISOコンサルティング事業 助成金コンサルティング事業 オフィスサポート事業
2025/11/05 11:37:40,https://bahn-rep.com/dairiten-bosyu/takeat,株式会社デザイングロウ,熊本県熊本市西区花園6-13-2 GLAD花園SIX103,,2015年8月24日,300万円,,,,大型ＬＥＤビジョン運営のトータルサポート／映像制作／デジタルサイネージ販売・運用／プロジェクター放映システム販売・運用／ＶＲ・ＡＲ制作／プロジェクションマッピング制作
2025/11/05 11:37:40,https://bahn-rep.com/dairiten-bosyu/schoolat,株式会社デザイングロウ,熊本県熊本市西区花園6-13-2 GLAD花園SIX103,,2015年8月24日,300万円,,,,大型ＬＥＤビジョン運営のトータルサポート／映像制作／デジタルサイネージ販売・運用／プロジェクター放映システム販売・運用／ＶＲ・ＡＲ制作／プロジェクションマッピング制作
2025/11/05 11:37:40,https://bahn-rep.com/dairiten-bosyu/onekasaihoken,株式会社ONE HEART,和歌山県和歌山市本町1-43 和歌山京橋ビル8F-B,,2005年創業／2020年設立,,,,,固定資産税還付サポート 各種損害保険申請コンサルタント 住宅リフォーム全般 電力会社切替事業 不動産売買業
2025/11/05 11:37:40,https://bahn-rep.com/dairiten-bosyu/aquabank-danks,株式会社ダンクス,東京都文京区本郷1-16-5 第2島村ビル3F,,,,,,,アクアバンク正規販売代理店 インスタグラムを使った集客提案 コスト削減提案サービス ホームページ制作
2025/11/05 11:37:40,https://bahn-rep.com/dairiten-bosyu/energypower,エネルギーパワー株式会社,大阪府大阪市中央区北久宝寺町2丁目1番10号,,2016年4月21日,"4,000万円",,エネルギーマネジメント部,,電力小売事業 電気工事業 電気通信工事業 管工事業 消防施設工事業
2025/11/05 11:37:41,https://bahn-rep.com/dairiten-bosyu/dxminnano,株式会社plusOne,東京都豊島区池袋2-17-8 丸十ビル302,,2018年4月,700万円,,,,DXコストカットサービス「みんなの経理部」の開発、運用 セカンドキャリア事業 インフルエンサー事務所
2025/11/05 11:37:41,https://bahn-rep.com/dairiten-bosyu/maufbking,株式会社モンキー・アドヴァタイジング,東京都新宿区新宿2-5-12 FORECAST新宿AVENUE 5F/6F,,2002年7月,"2,000万円",,パートナー事業部,48名,UFB KING販売総代理店 デジタルマーケティング 広告表現の企画及び制作 新規媒体開発 イベントプロデュース フードプロデュース サイバーセキュリティ
2025/11/05 11:37:41,https://bahn-rep.com/muryoukeisaiandend/cosmonet,株式会社コスモネット,京都市中京区烏丸通四条上る笋町689番地 京都御幸ビル6階 東京都港区新橋2-6-2 新橋アイマークビル10階,,1991年5月1日（創業1979年）,"5億6,600万円","890億7,800万円（2022年3月期グループ計）",法人営業推進グループ,"2,168名（2022年3月現在）",ICTサービスプロバイダー（ショップ402店舗：2022年3月現在） 企業向けソリューション 情報通信システム
2025/11/05 11:37:41,https://bahn-rep.com/dairiten-bosyu/fiveghomewifi,株式会社Connect Answer,神奈川県横浜市中区桜⽊町1-101-1 クロスゲート7階,,2020年9月,,,,,HR・PRO・求人・人材支援事業 助成金・補助金申請サポート事業 ECコンサルティング事業 Web・デジタルマーケティング事業 インターネット広告事業 WEB制作・メディア制作事業
2025/11/05 11:37:41,https://bahn-rep.com/dairiten-bosyu/sdinkfree,株式会社Secured,東京都豊島区駒込2-4-9,,2020年6月,,,,,事業者向け保証サービス ファクタリングサービス販売 システム受託開発 SES、人材紹介事業、アドバイザリー事業 アライアンス提携支援業務
2025/11/05 11:37:41,https://bahn-rep.com/muryoukeisaiandend/aqua-instructor-hamakaida,株式会社ハマカイダTHF,愛知県名古屋市西区砂原町221（本社） 神奈川県横浜市神奈川区菅田町468-2-102（横浜営業所）,,2008年11月5日,,,横浜営業所,,アクアエクササイズインストラクター、スポーツインストラクター、健康トレーニング指導員の養成 ダンス教室、エアロビクス教室等の健康クラブ経営 スポーツクラブ、スポーツ施設等の業務受託 物品販売 国内外における飲食店の経営および飲食業に関するコンサルタント
2025/11/05 11:37:41,https://bahn-rep.com/muryoukeisaiandend/pr-hamakaidathf,株式会社ハマカイダTHF,愛知県名古屋市西区砂原町221（本社） 神奈川県横浜市神奈川区菅田町468-2-102（横浜営業業）,,2008年11月5日,,,,,アクアエクササイズインストラクター、スポーツインストラクター、健康トレーニング指導員の養成 ダンス教室、エアロビクス教室等の健康クラブ経営 スポーツクラブ、スポーツ施設等の業務受託 物品販売 国内外における飲食店の経営および飲食業に関するコンサルタント
2025/11/05 11:37:41,https://bahn-rep.com/muryoukeisaiandend/iphone-care-stp,株式会社スター・プラチナ,東京都杉並区上荻1-12-1 荻窪ビル3F-A,,2016年11月,300万円,,,,携帯電話の修理及びこれに関するフランチャイズ事業 通信商材の買取及び販売 Eコマース関連事業 全事業についてのコンサルティング事業
2025/11/05 11:37:41,https://bahn-rep.com/dairiten-bosyu/enechange,ENECHANGE株式会社,東京都中央区京橋3−1−1 WeWork東京スクエアガーデン14F,,2015年4月,"3,061百万円（2022年12月現在）",,エネチェンジ事業部,100名,●エネルギーマネジメント事業 電力・ガス比較サイト関連事業 ●エネルギーテック事業 AI技術を活用したクラウド型サービス関連事業
2025/11/05 11:37:41,https://bahn-rep.com/muryoukeisaiandend/haccp,株式会社エフシープレミア,愛知県名古屋市西区上名古屋2-21-3 マースプラザビル3階,,2019年12月12日,"5,000万円",,,979名（グループ全体／2021年4月時）,フランチャイズ本部事業 飲食事業 食品製造卸販売事業 店舗サポート事業
2025/11/05 11:37:41,https://bahn-rep.com/stock/sgsseikatsukaigostep,株式会社雄大（一般社団法人ほっぷ）,愛知県豊橋市神野新田町アノ割17-8,,,,,すてっぷフランチャイズ事業部,,一般社団法人ほっぷにて、障がい者生活介護「すてっぷ」直営店の運営 障がい者生活介護「すてっぷ」フランチャイズ本部運営事業 「ナーシングホーム大」のフランチャイズ本部運営事業 身元保証事業パートナー運営本部事業 老人ホーム紹介事業パートナー運営本部事業
2025/11/05 11:37:41,https://bahn-rep.com/muryoukeisaiandend/rakulia,株式会社リアリゼイション,東京都渋谷区渋谷3-6-2 エクラート渋谷ビル4F,,2017年7月7日,,,,19名（2021年11月1日時点）,補助金・助成金診断システムや行政手続きサービスの提供 補助金書類作成代行事業 システム開発・Webサイト作成
2025/11/05 11:37:41,https://bahn-rep.com/dairiten-bosyu/pwsyozaihanbaid,プレミアムウォーター株式会社,東京都渋谷区神宮前1-23-26 神宮前123ビル,,2016年4月,3億円（2021年3月時点）,,営業企画本部 事業開発2部,707名（2021年10月時点）,ミネラルウォーター等の飲料水の製造及び販売 各種付帯サービスの提供
2025/11/05 11:37:41,https://bahn-rep.com/muryoukeisaiandend/benefitstation,株式会社NLNジャパン（NLNグループ）,東京都新宿区西新宿2丁目7-1 小田急第一生命ビル8F,,2003年10月1日,"3億3,790万円（グループ資本金）",,,807名（グループ全体）2020年9月30日時点,決済サービスの販売 WEB広告サービスの販売 オフィス業務効率化サービスの販売 地盤ネット事業 インターネットメディカルモール「メディモ」運営 国際事業 法人ソリューション事業
2025/11/05 11:37:41,https://bahn-rep.com/dairiten-bosyu/afefcatv,アルファエネフォメーション株式会社,神奈川県横浜市港北区篠原町3014 東急新横浜南ビル5階,,2013年11月,1000万円,,パートナー事業部,119名（2022年5月1日現在）,情報通信事業（CATV、SoftBank、NTT） 営業アウトソーシング事業 催事企画プロデュース事業 コールセンター事業 ウォーターサーバー事業 一般労働者派遣事業（派14-303230）
2025/11/05 11:37:41,https://bahn-rep.com/dairiten-bosyu/everyfreciousmini,アルファエネフォメーション株式会社,神奈川県横浜市港北区篠原町3014 東急新横浜南ビル5階,,2013年11月,1000万円,,パートナー事業部,119名（2022年5月1日現在）,情報通信事業（CATV、SoftBank、NTT） 営業アウトソーシング事業 催事企画プロデュース事業 コールセンター事業 ウォーターサーバー事業 一般労働者派遣事業（派14-303230）
2025/11/05 11:37:41,https://bahn-rep.com/muryoukeisaiandend/legalontech,株式会社LegalOn Technologies （リーガルオンテクノロジーズ）,東京都江東区豊洲3-2-20 豊洲フロント6階,,2017年4月21日,178.5億円（資本準備金含む 2022年6月現在）,,パートナー事業部,411名（2022年8月現在）,法律業務に関するソフトウェアの研究・開発・運営・保守
2025/11/05 11:37:41,https://bahn-rep.com/muryoukeisaiandend/moneyfcloud,株式会社マネーフォワード,東京都港区芝浦3-1-21 msb Tamachi 田町ステーションタワーS21F,,2012年5月,"25,775百万円（2021年11月現在）",,,1248名（連結）,インターネットサービス開発
2025/11/05 11:37:41,https://bahn-rep.com/dairiten-bosyu/famfit,プレミアムウォーター株式会社,東京都渋谷区神宮前1-23-26 神宮前123ビル,,2016年4月,3億円（2021年3月時点）,,営業企画本部 事業開発2部,707名（2021年10月時点）,ミネラルウォーター等の飲料水の製造及び販売 各種付帯サービスの提供
2025/11/05 11:37:41,https://bahn-rep.com/dairiten-bosyu/clkonlinesys,株式会社デザイングロウ,熊本県熊本市西区花園6-13-2 GLAD花園SIX103,,2015年8月24日,300万円,,,,大型ＬＥＤビジョン運営のトータルサポート／映像制作／デジタルサイネージ販売・運用／プロジェクター放映システム販売・運用／ＶＲ・ＡＲ制作／プロジェクションマッピング制作
2025/11/05 11:37:41,https://bahn-rep.com/muryoukeisaiandend/bbyokadori,株式会社Be BLOOM,福岡県福岡市中央区舞鶴1-4-31 舞鶴コーポラス2F,,2013年9月,,,,,外食事業（ダイニング、居酒屋）
2025/11/05 11:37:41,https://bahn-rep.com/dairiten-bosyu/carbusiness,株式会社日本オートプラザ,大阪市淀川区西中島6-2-3 チサン第7新大阪8F,,2001年3月1日,1000万円,,カービジネス事業部,,無在庫型中古車売買システムの提供 Direct Car Market & Direct Car Auction
2025/11/05 11:37:41,https://bahn-rep.com/dairiten-bosyu/nlnfooddelivery,株式会社NLNジャパン（NLNグループ）,東京都新宿区西新宿2丁目7-1 小田急第一生命ビル8F,,2003年10月1日,"3億3,790万円（グループ資本金）",,,807名（グループ全体）2020年9月30日時点,決済サービスの販売 WEB広告サービスの販売 オフィス業務効率化サービスの販売 地盤ネット事業 インターネットメディカルモール「メディモ」運営 国際事業 法人ソリューション事業
2025/11/05 11:37:41,https://bahn-rep.com/muryoukeisaiandend/kitchencarbiz,株式会社アニマート,栃木県宇都宮市御幸ヶ原町136-44,,2008年6月26日,,,,,移動販売事業 移動販売コンサルティング事業 フードイベント事業 飲食店事業 その他上記に関する付帯事業
2025/11/05 11:37:42,https://bahn-rep.com/dairiten-bosyu/webrootstock,ウェブルート株式会社,東京都千代田区丸の内1-8-3 丸の内トラストタワー本館18階,,2005年7月,,,,,セキュリティサービスの提供 セキュリティソフトウェアの企画・開発 ソフトウェアの販売・オンラインストアの運営 ソフトウェアライセンスのオンライン提供
2025/11/05 11:37:42,https://bahn-rep.com/dairiten-bosyu/zisoshiki,株式会社ウェイビー,東京都渋谷区渋谷3丁目5-16 渋谷三丁目スクエアビル2F,,2010年8月,"6,100万円（資本準備金を含む）",,,,各種クラウドサービスの運営
2025/11/05 11:37:42,https://bahn-rep.com/muryoukeisaiandend/wgwimax5g,株式会社ワイヤレスゲート,東京都品川区東品川2-2-20 天王洲オーシャンスクエア5F,,2004年1月26日,"908,009千円","11,329百万円",営業本部 営業部 アウトサイドセールス,,ワイヤレスゲートWiFi事業 リモートライフサポート事業 地方DXプラットフォーム事業
2025/11/05 11:37:42,https://bahn-rep.com/dairiten-bosyu/kireiyu,株式会社アロン,大阪府大阪市中央区南船場1-7-8 その他全国に営業拠点,,2012年9月,,,,,ハウスクリーニング事業
2025/11/05 11:37:42,https://bahn-rep.com/muryoukeisaiandend/sbagent,株式会社エージェント,東京都渋谷区宇田川町33-7 アイ・アンド・イー渋谷ビル4F,,2004年4月16日,"5,000万円",,,,総合人材サービス事業
2025/11/05 11:37:42,https://bahn-rep.com/muryoukeisaiandend/marketingmarket,株式会社インターロジック,広島県広島市西区横川町2-9-1 マツモトビル2F,,1995年6月,"2,000万円",,,,インターネットマーケティング事業 IMA検定（ネットマーケター育成・認定制度）の企画・運営 クラウドマネージメント協会（印刷・広告業向けコンサルティング事業）の運営 ウェブサイト・ウェブシステム・印刷物の企画・制作 職業紹介事業（34-ユ-300013）
2025/11/05 11:37:42,https://bahn-rep.com/dairiten-bosyu/zeroichicloud,株式会社ウェイビー,東京都渋谷区渋谷3丁目5-16 渋谷三丁目スクエアビル2F,,2010年8月,"6,100万円（資本準備金を含む）",,,,各種クラウドサービスの運営
2025/11/05 11:37:42,https://bahn-rep.com/muryoukeisaiandend/hairstudy,株式会社popteam,東京都港区虎ノ門三丁目8番21号,,2019年2月,"366,926,000円（グループ資本金）",,,,ソーシャルマーケティング事業 動画アプリ開発 ウェブ制作及びマーケティング事業
2025/11/05 11:37:42,https://bahn-rep.com/muryoukeisaiandend/aupay2mcc,株式会社メディアクリエイトソリューションズ,東京都千代田区飯田橋4‒7‒1 ロックビレイビル2F,,2009年3月,"4,600万円",70億5千万円（2019年3月期グループ売上合算）,,120名（グループ連結）,通信関連事業 スマートフォンアプリ開発事業 受託開発・運営事業 システム開発事業
2025/11/05 11:37:42,https://bahn-rep.com/dairiten-bosyu/sonynetwork,ソニーネットワークコミュニケーションズ株式会社,東京都品川区東品川4-12-3 品川シーサイドTSタワー,,1995年11月1日,79億69百万円,,NURO事業部チャネル開発部,"1,823名（2022年3月31日現在連結）",ISPおよび光回線事業 モバイル事業 IoT事業 クラウド＆アプリ 法人向けサービス
2025/11/05 11:37:42,https://bahn-rep.com/muryoukeisaiandend/gaichukujo,株式会社ナック,東京都新宿区西新宿1-25-1 新宿センタービル42階,,1971年5月20日,"67億2,949万3,750円",555億円（2021年3月期連結）,,"連結1,649名（パート・アルバイト除く）",クリクラ事業 レンタル事業 建築コンサルティング事業 住宅事業 美容健康事業
2025/11/05 11:37:42,https://bahn-rep.com/muryoukeisaiandend/backofficebiz2,株式会社リードアライアンス,大阪府大阪市北区堂島2-3-2 堂北ビル303,,2010年11月24日,"1,000万円",,ITソリューション事業本部 クオリティサポート事業部,,WEB制作 クオリティサポート システム開発 EC事業
2025/11/05 11:37:42,https://bahn-rep.com/muryoukeisaiandend/digipanda,株式会社popteam,東京都港区虎ノ門三丁目8番21号,,2019年2月,"366,926,000円（グループ資本金）",,,,ソーシャルマーケティング事業 動画アプリ開発 ウェブ制作及びマーケティング事業
2025/11/05 11:37:42,https://bahn-rep.com/dairiten-bosyu/mdkacplus,株式会社エーシープラス,愛知県名古屋市天白区植田南2丁目111 HP植田南ビル2F,,2021年7月26日,,,パートナー事業部,,消臭除菌システムの販売 ・家庭用AC plus ・業務用AC plus PRO ・くるまのAC plus ・AC plus FAN
2025/11/05 11:37:42,https://bahn-rep.com/muryoukeisaiandend/syoken1,株式会社湘建,横浜市西区みなとみらい3-6-1 みなとみらいセンタービル19階,,2009年1月13日,1億円,136億（2021年）,,,不動産の売買 不動産の仲介 不動産のコンサルティング 不動産の販売代理業 不動産の賃貸管理 リフォーム事業
2025/11/05 11:37:43,https://bahn-rep.com/dairiten-bosyu/viterra,WAYK’S株式会社（ウェイクス）,愛知県名古屋市東区徳川2丁目24-3 第2山中ビル3階,,2017年1月23日,"5,600万円",,,,ファスティング事業 美容、健康食品事業
2025/11/05 11:37:43,https://bahn-rep.com/dairiten-bosyu/wrmobiledp,ウェブルート株式会社,東京都千代田区丸の内1-8-3 丸の内トラストタワー本館18階,,2005年7月,,,,,セキュリティサービスの提供 セキュリティソフトウェアの企画・開発 ソフトウェアの販売・オンラインストアの運営 ソフトウェアライセンスのオンライン提供
2025/11/05 11:37:43,https://bahn-rep.com/dairiten-bosyu/uplink,株式会社USEN （USEN-NEXT GROUP）,東京都品川区上大崎3-1-1 目黒セントラルスクエア,,2017年6月16日,"9,641万円（グループ資本金）","1,932億円（2020年8月期連結）",,"4,845名（2020年8月期連結）",IoT PLATFORM事業 音楽配信事業 エネルギー事業 保険事業 開業、増移転支援サービス 店舗運用支援サービス 店舗通販サービス
2025/11/05 11:37:43,https://bahn-rep.com/muryoukeisaiandend/wgwimax5goem,株式会社ワイヤレスゲート,東京都品川区東品川2-2-20 天王洲オーシャンスクエア5F,,2004年1月26日,"908,009千円","11,329百万円",営業本部 営業部 アウトサイドセールス,,ワイヤレスゲートWiFi事業 リモートライフサポート事業 地方DXプラットフォーム事業
2025/11/05 11:37:43,https://bahn-rep.com/shot/i-mission,総合探偵社アイミッション,大阪府大阪市天王寺区生玉前町5-31 アンビション三和ビル7F,,1996年1月1日創設,,,,,探偵・興信 大阪府公安委員会 第62181852号
2025/11/05 11:37:43,https://bahn-rep.com/dairiten-bosyu/rep-koyano-koyafuron,株式会社コヤノ,大阪府大阪市都島区東野田町1-19-7,,1967年8月（昭和42年8月）,3000万円,,,,テフロン系フッ素樹脂表面保護材「コヤフロン」の製造・発売 フッ素樹脂応用製品の製造・発売 建物内外、あらゆるものに対するコヤフロン施工、美観維持管理業 コヤフロンによる独立開業支援
2025/11/05 11:37:43,https://bahn-rep.com/shot/house-mente-yorozu,株式会社エコプラトラスト／萬工事本舗,群馬県桐生市広沢町間ノ島370-11,,1995年11月,,"5,000万円（2016年3月期）",,,リフォーム事業（住宅リフォーム） ハウスメンテナンス・クリーニング事業
2025/11/05 11:37:43,https://bahn-rep.com/dairiten-bosyu/ecoco,株式会社eBucks（イーバックス）,東京都千代田区神田鍛冶町3-7-21 天翔神田駅前ビル5階 山梨県甲府市北口1-50-4 甲府北口プラザビル908,,2018年5月,,,,,アウトソーシング事業 代理店事業 メディア事業 店舗支援事業 イベントプロモーション事業 研修講師事業
2025/11/05 11:37:43,https://bahn-rep.com/allarea/rpst-school,合同会社リぺスタ,愛知県尾張旭市東大久手町1丁目16番地13,,2015年1月,"1,000,000円",,,,住宅リペア デザインリフォーム 店舗設計、施工 ケーニッヒ社補修材販売・技術セミナー
2025/11/05 11:37:43,https://bahn-rep.com/fc/zounomimi,株式会社ZOO,東京都世田谷区用賀3-15-6 M・BOND用賀102,,2007年3月1日,600万円,,,,FC本部運営 店舗経営 移動販売車営業等 象の耳（特許申請中、商標取得済）
2025/11/05 11:37:43,https://bahn-rep.com/dairiten-bosyu/ecogeo-onabegumi,株式会社尾鍋組,三重県松阪市飯高町宮前321-4,,1984年6月1日,"3,500万円","509,087千円",,,エコジオ工法事業・土木工事業
2025/11/05 11:37:43,https://bahn-rep.com/dairiten-bosyu/usenueyes,株式会社USEN （USEN-NEXT GROUP）,東京都品川区上大崎3-1-1 目黒セントラルスクエア,,2017年6月16日,"9,641万円（グループ資本金）","1,932億円（2020年8月期連結）",,"4,845名（2020年8月期連結）",IoT PLATFORM事業 音楽配信事業 エネルギー事業 保険事業 開業、増移転支援サービス 店舗運用支援サービス 店舗通販サービス
2025/11/05 11:37:43,https://bahn-rep.com/shot/mana-joseikin,株式会社MANA,群馬県高崎市緑町1-2-11 ShainMC1F,,2014年,"3,580,000円",,,,資金調達及び資金運用に関するコンサルティング 各種建築物の建設計画・企画・管理及び施工 経営コンサルティング 一般労働者派遣事業 教育事業に関する企画・調査・運営及び受託 日用品雑貨の販売及び輸出入 損害保険代理業（東京海上日動火災保険） 中古車販売業 レンタカー事業
2025/11/05 11:37:43,https://bahn-rep.com/dairiten-bosyu/netshop-ccr,株式会社CCR,大阪府堺市東区日置荘西町4-36-11 2F,,,1000万円,,,,インターネットショップ運営
2025/11/05 11:37:43,https://bahn-rep.com/dairiten-bosyu/enet-denryoku,株式会社イーネットワークシステムズ,東京都新宿区西新宿8-14-24 西新宿KFビル2F,,2015年4月2日,500万円,,営業部,,電力小売事業（登録番号：A0067） 電力小売におけるビジネスコンサルティング 電力小売に関するシステム企画・設計・開発、ASPサービス
2025/11/05 11:37:43,https://bahn-rep.com/dairiten-bosyu/radiantheater,ジーマックス株式会社,福岡県福岡市博多区半道橋1-17-24,,2013年10月30日,"1,300万円",,営業推進本部,,調理家電、及び調理器具の開発と販売 健康100年クラブ事業（健康食品、自然食品、無農薬野菜、お米などの販売） モバイル通信事業 講師育成料理教室、その他各種料理教室の企画と運営 オンプレミス及びクラウド型eコマースの開発と運営
2025/11/05 11:37:43,https://bahn-rep.com/dairiten-bosyu/gmkousogenmai,ジーマックス株式会社,福岡県福岡市博多区半道橋1-17-24,,2013年10月30日,"1,300万円",,営業推進本部,,調理家電、及び調理器具の開発と販売 健康100年クラブ事業（健康食品、自然食品、無農薬野菜、お米などの販売） モバイル通信事業 講師育成料理教室、その他各種料理教室の企画と運営 オンプレミス及びクラウド型eコマースの開発と運営
2025/11/05 11:37:43,https://bahn-rep.com/dairiten-bosyu/cerapot,ジーマックス株式会社,福岡県福岡市博多区半道橋1-17-24,,2013年10月30日,"1,300万円",,営業推進本部,,調理家電、及び調理器具の開発と販売 健康100年クラブ事業（健康食品、自然食品、無農薬野菜、お米などの販売） モバイル通信事業 講師育成料理教室、その他各種料理教室の企画と運営 オンプレミス及びクラウド型eコマースの開発と運営
2025/11/05 11:37:44,https://bahn-rep.com/shot/soai,タメニー株式会社,東京都品川区大崎1-20-3 イマス大崎ビル3階,,2006年9月15日,44百万円（2022年4月30日現在）,,婚活事業本部 C-ship推進部,444名（2022年4月1日現在）,結婚相談所の運営（パートナーエージェント） 婚活イベント運営（OTOCON、パートナーエージェントParty） 会員相互紹介プラットフォーム（CONNECT-ship） 結婚相談所連盟（婚活アライアンスパートナーズ） 地方自治体婚活支援（Parms） ウェディング（スマ婚、2次会くん、エモパ！、studio LUMINOUS） ブライダルジュエリー（LUMINOUS Les Bijoux） 保険代理店（Tameny×保険クリニック） イベント支援（イベモン）
2025/11/05 11:37:44,https://bahn-rep.com/muryoukeisaiandend/norox,株式会社オーシャン（モバイルコムグループ）,東京都千代田区神田駿河台4-4-1 PMO御茶ノ水 愛媛工場：愛媛県松山市中西外1035-1,,2017年2月,"1,000万円",,法人営業部,459名（2022年4月グループ連結）,弱酸性次亜塩素酸水ノロックスの製造・販売
2025/11/05 11:37:44,https://bahn-rep.com/dairiten-bosyu/usenhikariplus,株式会社USEN （USEN-NEXT GROUP）,東京都品川区上大崎3-1-1 目黒セントラルスクエア,,2017年6月16日,"9,641万円（グループ資本金）","1,932億円（2020年8月期連結）",,"4,845名（2020年8月期連結）",IoT PLATFORM事業 音楽配信事業 エネルギー事業 保険事業 開業、増移転支援サービス 店舗運用支援サービス 店舗通販サービス
2025/11/05 11:37:44,https://bahn-rep.com/muryoukeisaiandend/morudake,株式会社和味大輔,東京都港区白金2-6-14,,2010年創業,"1,650万円",,,,飲食業の経営 デリバリー事業の経営 モルダケの提供
2025/11/05 11:37:44,https://bahn-rep.com/dairiten-bosyu/apacplus,株式会社エーシープラス,愛知県名古屋市天白区植田南2丁目111 HP植田南ビル2F,,,,,,,消臭除菌システムの販売
2025/11/05 11:37:45,https://bahn-rep.com/muryoukeisaiandend/stektbouhancameraset,株式会社S-TEKT（エステクト）,東京都江東区佐賀1-9-11 YSビル5F,,1993年6月,"3,000万円",,,,入退室セキュリティ、防犯カメラ 電気工事、LED照明工事、ネットワーク工事 映像音響設備の設計、施工、販売、メンテナンス 取扱メーカー： アイホン、アイディー・ケー、オーエス、オムロン、河村電器産業、キーエンス、シャープ、JVCKENWOOD、竹中エンジニアリング、TOA、東芝、日東工業、ネグロス電工、パナソニック、パンドウイット、マサル工業、三菱電機、美和ロック、Honeywell、SALTO、ZI-IKON、NSS、他
2025/11/05 11:37:45,https://bahn-rep.com/muryoukeisaiandend/pr-kaming,合同会社KAMING,東京都渋谷区代々木1-21-16 アジリア代々木J’s,,2014年4月,,,,,VR事業 SES事業
2025/11/05 11:37:45,https://bahn-rep.com/dairiten-bosyu/belife,株式会社絆ジャパン,東京都新宿区西新宿1-25-1 新宿センタービル37F,,2021年4月,1億円,,Beauty Aqua事業部,,建設業界に対する成長戦略の支援事業 定期借地権付き分譲戸建販売事業 ナノバブル「Beauty Aqua」販売事業 コインランドリー「ピエロ」のFC展開事業 完全無農薬有機農法によるバナナ栽培事業
2025/11/05 11:37:45,https://bahn-rep.com/dairiten-bosyu/webroot,ウェブルート株式会社,東京都千代田区丸の内1-8-3 丸の内トラストタワー本館18階,,2005年7月,,,,,セキュリティサービスの提供 セキュリティソフトウェアの企画・開発 ソフトウェアの販売・オンラインストアの運営 ソフトウェアライセンスのオンライン提供
2025/11/05 11:37:45,https://bahn-rep.com/muryoukeisaiandend/sapore-oto,株式会社OTO,宮城県仙台市若林区五橋3-3-1-15F,,2011年,900万円,,,,
2025/11/05 11:37:45,https://bahn-rep.com/muryoukeisaiandend/stektsimcamera,株式会社S-TEKT（エステクト）,東京都江東区佐賀1-9-11 YSビル5F,,1993年6月,"3,000万円",,,,入退室セキュリティ、防犯カメラ 電気工事、LED照明工事、ネットワーク工事 映像音響設備の設計、施工、販売、メンテナンス 取扱メーカー： アイホン、アイディー・ケー、オーエス、オムロン、河村電器産業、キーエンス、シャープ、JVCKENWOOD、竹中エンジニアリング、TOA、東芝、日東工業、ネグロス電工、パナソニック、パンドウイット、マサル工業、三菱電機、美和ロック、Honeywell、SALTO、ZI-IKON、NSS、他
2025/11/05 11:37:45,https://bahn-rep.com/muryoukeisaiandend/career-climber-kaming,株式会社KAMING,東京都渋谷区代々木1-21-16 アジリア代々木J’s,,2014年4月,,,,,SES事業
2025/11/05 11:37:45,https://bahn-rep.com/muryoukeisaiandend/stekt360camera,株式会社S-TEKT（エステクト）,東京都江東区佐賀1-9-11 YSビル5F,,1993年6月,"3,000万円",,,,入退室セキュリティ、防犯カメラ 電気工事、LED照明工事、ネットワーク工事 映像音響設備の設計、施工、販売、メンテナンス 取扱メーカー： アイホン、アイディー・ケー、オーエス、オムロン、河村電器産業、キーエンス、シャープ、JVCKENWOOD、竹中エンジニアリング、TOA、東芝、日東工業、ネグロス電工、パナソニック、パンドウイット、マサル工業、三菱電機、美和ロック、Honeywell、SALTO、ZI-IKON、NSS、他
2025/11/05 11:37:45,https://bahn-rep.com/dairiten-bosyu/catvsango,SANGO株式会社,東京都渋谷区恵比寿西1丁目10番10号 若葉西ビル4階,,2007年9月2日,1000万円,,,145名（2020年11月現在）,営業代行・テレマーケティング事業 人材育成・派遣・紹介事業 法人様向けソリューション事業 WEB製作及びWEBマーケティング事業
2025/11/05 11:37:45,https://bahn-rep.com/dairiten-bosyu/meetin,SANGO株式会社,東京都渋谷区恵比寿西1丁目10番10号 若葉西ビル4階,,2007年9月2日,1000万円,,,145名（2020年11月現在）,営業代行・テレマーケティング事業 人材育成・派遣・紹介事業 法人様向けソリューション事業 WEB製作及びWEBマーケティング事業
2025/11/05 11:37:45,https://bahn-rep.com/muryoukeisaiandend/ogtepco,株式会社オフィスグローヴ,東京都千代田区一ツ橋2-4-4 岩波書店一ツ橋別館5F,,2001年12月,"5,550万円",,,,一般派遣業 有料職業紹介業 インターネット関連企業・及び通信・ 映像サービス企業への支援業務 各種営業職に対する研修及び支援業務 アンテナ取付業務・家電販売
2025/11/05 11:37:45,https://bahn-rep.com/muryoukeisaiandend/tpcamerasyokaitt,株式会社S-TEKT（エステクト）,東京都江東区佐賀1-9-11 YSビル5F,,1993年6月,"3,000万円",,,,入退室セキュリティ、防犯カメラ 電気工事、LED照明工事、ネットワーク工事 映像音響設備の設計、施工、販売、メンテナンス 取扱メーカー： アイホン、アイディー・ケー、オーエス、オムロン、河村電器産業、キーエンス、シャープ、JVCKENWOOD、竹中エンジニアリング、TOA、東芝、日東工業、ネグロス電工、パナソニック、パンドウイット、マサル工業、三菱電機、美和ロック、Honeywell、SALTO、ZI-IKON、NSS、他
2025/11/05 11:37:45,https://bahn-rep.com/dairiten-bosyu/mplus,SANGO株式会社,東京都渋谷区恵比寿西1丁目10番10号 若葉西ビル4階,,2007年9月2日,1000万円,,,145名（2020年11月現在）,営業代行・テレマーケティング事業 人材育成・派遣・紹介事業 法人様向けソリューション事業 WEB製作及びWEBマーケティング事業
2025/11/05 11:37:45,https://bahn-rep.com/dairiten-bosyu/ndstbsimml,株式会社エヌディエステレコム,福岡市中央区天神3-10-20 KG天神ビル東6F,,1997年8月14日,"1,000万円",,パートナー事業部,,MVNO事業 通信事業 電話工事業 クラウド事業
2025/11/05 11:37:45,https://bahn-rep.com/dairiten-bosyu/monolisixmeo,MONOLISIX株式会社,愛知県名古屋市中区錦2-9-20 トラスト伏⾒駅前ビル1F,,2010年4月6日,,,MEO事業部,,MEO対策 SEO対策 動画マーケティング WEBマーケティング SNSマーケティング インフルエンサーマーケティング システム開発 WEB制作等
2025/11/05 11:37:45,https://bahn-rep.com/dairiten-bosyu/nichigaswako,日本瓦斯株式会社,東京都渋谷区代々木4-31-8,,1955年7月29日,70億7千万円,"1,625億5,200万円（2022年3月期）",関東中央支店,"1,775名（連結）※2022年4月1日時点",ガス事業（LPガス、都市ガス）、一般高圧ガスの販売、ガス機器・空調機器の販売、リフォーム事業、総合設備工事、ソフトウェア販売
2025/11/05 11:37:45,https://bahn-rep.com/muryoukeisaiandend/rep-kasaihoken-reform,一般社団法人日本健康住宅機構,東京都新宿区西新宿3丁目17番7号 西新宿トークビル10階,,2011年6月,,,,,火災保険（地震保険）申請のサポート
2025/11/05 11:37:45,https://bahn-rep.com/dairiten-bosyu/atimesdomo,株式会社アルバイトタイムス,東京都中央区京橋2-6-13 京橋ヨツギビル5F,,1973年10月29日,"4億5,599万円",,,184名（2021年2月）連結,無料求人情報誌DOMO（ドーモ）の編集発行 求人情報サイトDOMO NET（ドーモネット）の運営 求人情報サイトJOB（ジョブ）の運営 採用管理システム（ATS）ワガシャdeDOMOの運営
2025/11/05 11:37:45,https://bahn-rep.com/muryoukeisaiandend/hatsumousalon-headsapport,合同会社ICパートナーズジャパン,静岡県焼津市東小川2-17-1,,,,,ヘッドサポート本部,,ヘッドサポート本部、運営管理、店舗経営 発毛事業
2025/11/05 11:37:46,https://bahn-rep.com/muryoukeisaiandend/rep-mist-fc,質屋のミスト,京都府京都市北区紫竹東高縄町39-4 MS北山ビル1F,,2005年5月,1000万円,,,5名,質屋業
2025/11/05 11:37:46,https://bahn-rep.com/fc/melonpan-arteria,有限会社アルテリア,東京都八王子市中町3-8-204,,2004年3月,"1,000万円",,,12名,フランチャイズ本部事業 パン・菓子類の製造販売事業 加盟店の募集、運営事業 店舗開拓事業 移動販売事業
2025/11/05 11:37:46,https://bahn-rep.com/dairiten-bosyu/kenkoukeiei,株式会社Secured,東京都豊島区駒込2-4-9,,2020年6月,,,,,事業者向け保証サービス ファクタリングサービス販売 システム受託開発 SES、人材紹介事業、アドバイザリー事業 アライアンス提携支援業務
2025/11/05 11:37:46,https://bahn-rep.com/muryoukeisaiandend/relaxation-senior-softcare,セントラルソフトケア株式会社,神奈川県横浜市青葉区荏田町430番地11 大仲ビル3階,,2009年5月27日,,1億円,RT事業部,30名,RT事業 在宅介護事業 介護フランチャイズ事業 コンサルティング事業
2025/11/05 11:37:46,https://bahn-rep.com/muryoukeisaiandend/houmonkaigo-softcare,セントラルソフトケア株式会社,神奈川県横浜市青葉区荏田町430番地11 大仲ビル3階,,2009年5月27日,,1億円,介護事業部,30名,RT事業 在宅介護事業 介護フランチャイズ事業 コンサルティング事業
2025/11/05 11:37:46,https://bahn-rep.com/muryoukeisaiandend/promost,株式会社プロモスト,東京都中央区銀座3-13-19 東銀座313ビル6F,,2016年9月7日,"5,000万円",,,,マンションデジタルサイネージ広告 マンションコミュニティアプリ インターネット集客サービス
2025/11/05 11:37:46,https://bahn-rep.com/interview/pr-designglow,株式会社デザイングロウ,熊本県熊本市西区花園6-13-2 GLAD花園SIX103,,2015年8月24日,300万円,,,,動画広告 デジタルサイネージ販売・運用 プロジェクター放映システム販売・運用
2025/11/05 11:37:46,https://bahn-rep.com/muryoukeisaiandend/pr-medicagroup,株式会社メディカグループ,愛媛県松山市余戸東4丁目9-16,,2006年3月,900万円,,,,WEBメディア事業 ・メディカサイト ・e-ショートステイ.com ・e-デイサービス.com ・メディカコミュニティ ・母子箱（もこぼっくす） ・HOUSEリサーチ
2025/11/05 11:37:46,https://bahn-rep.com/muryoukeisaiandend/tenshock-sendenkan,株式会社宣伝館,大阪府東大阪市高井田中4-1-19 宣伝館ビル,,2003年11月,1000万円,35億2千万円（平成25年度）,,,総合広告代理業 印刷物全般デザイン制作、企画、印刷、新聞折込手配 ぱど折込手配、ポスティング手配、DM発送手配 投票館・天SHOCK！の運営、広告企画全般
2025/11/05 11:37:46,https://bahn-rep.com/muryoukeisaiandend/shuuumatuworker,株式会社シューマツワーカー,東京都渋谷区神泉町10-10 アシジ神泉ビル8階,,2016年9月12日,"5億7,232万円（資本準備金含む）",,,,シューマツワーカー フリーランスデイズ 副業社員ジャーナル
2025/11/05 11:37:46,https://bahn-rep.com/muryoukeisaiandend/local-seo-tg,株式会社通信技研,山形県米沢市大字川井2995-40 宮城県仙台市泉区長命ヶ丘3-27-3 オメガコートビル2F,,2008年4月,,,,,IT・WEBコンサルティング事業 ネット販売コンサルティング事業
2025/11/05 11:37:46,https://bahn-rep.com/interview/mdash-kaigyostory,株式会社エム’ダッシュ,愛知県名古屋市中川区太平通7-24,,2013年3月,,1億4800万円（2016年2月期）,,,軽貨物（軽トラック）運送事業 自動車販売・修理・リース
2025/11/05 11:37:46,https://bahn-rep.com/muryoukeisaiandend/house-research-medica,株式会社メディカグループ,愛媛県松山市余戸東4丁目9-16,,2006年3月,900万円,,,,WEBメディア事業 ・メディカサイト ・e-ショートステイ.com ・e-デイサービス.com ・メディカコミュニティ ・母子箱（もこぼっくす） ・HOUSEリサーチ
2025/11/05 11:37:46,https://bahn-rep.com/muryoukeisaiandend/ricoh-theta,LIFE STYLE株式会社,東京都港区南青山6-7-14 チガー南青山,,2014年3月10日,,,,,・VRクリエイターツール Flic360Makeの提供 ・Googleストリートビュー事業 ・高画質360°VR・3DVRコンテンツ撮影制作受託事業 ・VRクリエーター教育事業 ・VR関連アプリケーションの開発事業
2025/11/05 11:37:47,https://bahn-rep.com/fc/gyouzafc,株式会社店舗総合研究所（運営本部：株式会社食の絆計画）,東京都豊島区東池袋4-25-12 池袋今泉ビル8階,,2005年9月30日,"5,000万円（グループ連結資本金1億円）",,,,飲食店本部運営 ライセンス本部運営 出店戦略 立地戦略 立地診断基準策定
2025/11/05 11:37:47,https://bahn-rep.com/muryoukeisaiandend/cl-merpay,クリアライフ株式会社,福岡県福岡市博多区博多駅南3丁目2番3号 IBBフェリクス博多7F,,2013年4月,,,,,WEBマーケティング事業、コンシューマー事業
2025/11/05 11:37:47,https://bahn-rep.com/muryoukeisaiandend/buono,BUONO株式会社,東京都渋谷区渋谷3-27-11 祐真ビル本館7階,,2012年3月14日,"9,000万円",,,,コンサルティング事業 業務管理システム開発事業 ウォーターサーバー事業 プリンターレンタル事業
2025/11/05 11:37:47,https://bahn-rep.com/fc/amadoi,日本住宅診断株式会社（あまどい屋）,東京都八王子市大和田町4-5-4,,,"1,000万円",,,10名,雨樋修理・交換・工事業 建築
2025/11/05 11:37:47,https://bahn-rep.com/muryoukeisaiandend/mot,株式会社バルテックジャパン（オフィス24グループ）,東京都新宿区西新宿六丁目22番1号 新宿スクエアタワー3階,,2019年7月,グループ資本金 4億2542万5千円,,,グループ社員数 484名（連結・正社員 平成30年2月末現在）,通信機器・事務用機器・コンピューター及び周辺機器の製造、販売、レンタル、設置工事、保守管理 ウェブサーバその他の電気通信設備及びソフトウェア事業 ICT機器の販売
2025/11/05 11:37:47,https://bahn-rep.com/muryoukeisaiandend/bpt,株式会社BPトランスポート,埼玉県越谷市南越谷1-12-9 風月ビル3階,,2014年2月,"1,000万円",,,,軽貨物運送事業・人材派遣業・人材紹介・請負業務
2025/11/05 11:37:47,https://bahn-rep.com/muryoukeisaiandend/interview-maker,株式会社スタジアム,東京都港区赤坂3-4-3 赤坂マカベビル6F,,2012年8月,"1,402,320,000円 （準備金含む）",,,192名（2020年3月現在）,営業代行 ビジネスプロセスアウトソーシング Webサービス・アプリ・システムの企画・開発・販売の事業企画・運営 オンライン面接アプリの運営外国人留学生求人・求職者情報の提供・マッチングサービス
2025/11/05 11:37:47,https://bahn-rep.com/dairiten-bosyu/urofm,株式会社ユーロフ,東京都豊島区南池袋3-15-11 ナイスフォーラム南池袋3階,,2015年6月1日,"1,000万円",,,20名,メディア運営 経済・金融における講習会 Webコンテンツ・管理システム等の受託開発
2025/11/05 11:37:47,https://bahn-rep.com/dairiten-bosyu/ecop,株式会社ECOP,京都府京都市西京区大枝沓掛町2-38 ※各支店、研修センターがございます,,1999年1月,1210万円,,,,窓ガラスフィルム販売・施工 省エネ窓ガラスコーティング販売・施工 ガラス傷補修システム「エコポリッシュ」 ※特許取得 補修方法 特許 第6647720号 CSC銀系光触媒コート販売・施工 独立開業支援「窓フィルムアカデミー」 天然消臭剤「竹のしずく」製造・販売
2025/11/05 11:37:47,https://bahn-rep.com/fc/eptfc,株式会社エコプロテック,福島県須賀川市志茂字六角65,,2014年5月18日,"500万（グループ総資本金5,300万円）",,,,エネルギー事業 農業事業 建物建設事業 街づくり事業
2025/11/05 11:37:47,https://bahn-rep.com/muryoukeisaiandend/cl-bbiq,クリアライフ株式会社,福岡県福岡市博多区博多駅南3丁目2番3号 IBBフェリクス博多7F,,2013年4月,,,,,WEBマーケティング事業、コンシューマー事業
2025/11/05 11:37:47,https://bahn-rep.com/shot/wblschool,ウェルビーラボラトリー,東京都品川区上大崎2-11-4 松田ビルB101 京都市東山区本町6-9-3 SpaceJJ,,,,,,,スクール事業 クリエイティブ事業 キャスティング事業
2025/11/05 11:37:49,https://bahn-rep.com/dairiten-bosyu/airclip,株式会社イーエール,大阪府富田林市喜志町5丁目1番2号 samuraiビル3F-D,,2016年1月,300万円,,,,Airclip（エアークリップ）事業 広告代理事業 コンサルタント事業 再生可能エネルギー事業
2025/11/05 11:37:49,https://bahn-rep.com/dairiten-bosyu/googlestv-promost,株式会社プロモスト,東京都中央区銀座3-13-19 東銀座313ビル6F,,2016年9月7日,"5,000万円",,,,マンションデジタルサイネージ広告 マンションコミュニティアプリ インターネット集客サービス
2025/11/05 11:37:49,https://bahn-rep.com/dairiten-bosyu/eptec2,株式会社エコプロテック,福島県須賀川市志茂字六角65,,2014年5月18日,"500万（グループ総資本金5,300万円）",,,,エネルギー事業 農業事業 建物建設事業 街づくり事業
2025/11/05 11:37:49,https://bahn-rep.com/dairiten-bosyu/meopro-promost,株式会社プロモスト,東京都中央区銀座3-13-19 東銀座313ビル6F,,2016年9月7日,"5,000万円",,,,マンションデジタルサイネージ広告 マンションコミュニティアプリ インターネット集客サービス
2025/11/05 11:37:49,https://bahn-rep.com/dairiten-bosyu/dgled-rep2,株式会社デザイングロウ,熊本県熊本市西区花園6-13-2 GLAD花園SIX103,,2015年8月24日,300万円,,,,大型ＬＥＤビジョン運営のトータルサポート／映像制作／デジタルサイネージ販売・運用／プロジェクター放映システム販売・運用／ＶＲ・ＡＲ制作／プロジェクションマッピング制作
2025/11/05 11:37:49,https://bahn-rep.com/dairiten-bosyu/dougaseisaku,株式会社エグゼクティブマーケティングジャパン,東京都新宿区西新宿6-15-1 2219,,2014年11月,,,,,Webコンサルティング業、e-ラーニング事業、Webコンテンツの企画、制作及び販売、ホームページの企画、制作及び運営並びに保守、マーケティングコンサルティング事業、スマートフォンマーケティング事業、広告代理業、前各号に付帯関連する一切の事業
2025/11/05 11:37:49,https://bahn-rep.com/muryoukeisaiandend/rep-prodelight-pbx,株式会社プロディライト,大阪府大阪市中央区高麗橋3-3-11 淀屋橋フレックスタワー2F,,2008年6月,"99,495,000円（資本準備金89,495,000円）",,,,営業支援システム事業 システム開発事業
2025/11/05 11:37:49,https://bahn-rep.com/dairiten-bosyu/tenposonomama-maauction,株式会社M&Aオークション,東京都豊島区東池袋4-25-12 池袋今泉ビル8階,,2005年9月30日,"5,000万円（グループ連結資本金1億円）",,,,店舗そのままオークションの運営 店舗売却コンサルティング 出店コンサルティング 立地診断コンサルティング
2025/11/05 11:37:49,https://bahn-rep.com/dairiten-bosyu/fuuhyouhigai,株式会社プロモスト,東京都中央区銀座3-13-19 東銀座313ビル6F,,2016年9月7日,"5,000万円",,,,マンションデジタルサイネージ広告 マンションコミュニティアプリ インターネット集客サービス
2025/11/05 11:37:49,https://bahn-rep.com/fc/aotori-drone,一般社団法人日本ドローンビジネスサポート協会（DBA）,岡山県岡山市東区政津255-2,,2016年,,,,,ドローンのビジネス飛行技術及び関連スキル習得の為の講習会、検定、認定資格の発行 ドローンを活用したビジネスのスタートアップ及びビジネス発展の支援 ドローン空撮 ドローン関連団体、自治体と連携し、ドローンを安全に飛行する為の基準作り ドローン映像専門メディア運営（drone+TV）
2025/11/05 11:37:49,https://bahn-rep.com/dairiten-bosyu/officeg,株式会社オフィスグローヴ,東京都千代田区一ツ橋2-4-4 岩波書店一ツ橋別館5F,,2001年12月,"5,550万円",,,,一般派遣業 有料職業紹介業 インターネット関連企業・及び通信・ 映像サービス企業への支援業務 各種営業職に対する研修及び支援業務 アンテナ取付業務・家電販売
2025/11/05 11:37:49,https://bahn-rep.com/muryoukeisaiandend/cosme-cpcosme,株式会社CPコスメティクス,東京都新宿区北新宿2-21-1 新宿フロントタワー27F,,2006年1月5日,1億円,,,97名（2017年3月末）,化粧品、医薬部外品の開発・製造・販売、化粧用具、理美容機器、理化学機器、音響機器の開発・製造・販売 フェイシャルエステティックサロンの運営に関するコンサルティング、店舗設計、店頭宣伝販促の企画・制作
2025/11/05 11:37:49,https://bahn-rep.com/dairiten-bosyu/iphone-repair-orisma,株式会社ミブロ,大阪府大阪市淀川区西中島5-11-10 第3中島ビル8F,,,"6,000,000円",,,,実店舗、インターネットでのスマホケース及びスマホ関連商品の販売・卸 iPhone、スマホの修理業及び修理パーツ卸
2025/11/05 11:37:49,https://bahn-rep.com/stock/furdi,ATカンパニー株式会社,東京都千代田区外神田1-18-19 新秋葉原ビル 3階・9階,,2009年3月19日,"1,000万円（グループ全体4,699万円）",,,,有望FCビジネスの発掘、事業展開の支援
2025/11/05 11:37:50,https://bahn-rep.com/muryoukeisaiandend/becantec-sumahocoat,株式会社ビカンテック,大阪府大阪市中央区平野町2-2-12,,2010年4月,,,,,クリーニング業 洗剤の卸売及び小売業 特殊洗剤を利用した施工店の経営 化粧品、食料品、日用雑貨の小売業
2025/11/05 11:37:50,https://bahn-rep.com/muryoukeisaiandend/r-grace,株式会社ビカンテック,大阪府大阪市中央区平野町2-2-12,,2010年4月,,,販売部門グレイスネット,,美容健康商品の販売 環境メンテナンス業 洗剤の販売 除菌消臭剤の販売
2025/11/05 11:37:50,https://bahn-rep.com/dairiten-bosyu/raxus,ラクサスマネジメント株式会社,東京都新宿区新宿2丁目3-11 VORT新宿御苑9F,,2016年1月,"1,000万円",,,,不動産の売買・賃貸借・管理及び仲介・保険の代理業 都市開発に関する企画・調査・設計 土地建物の有効活用に関する企画・調査・設計
2025/11/05 11:37:50,https://bahn-rep.com/dairiten-bosyu/akdougamm,合同会社秋山工房,北海道斜里郡斜里町字豊里43番地2,,,,,,,ウェブデザイン制作 システム構築 マーケティング（SNS・インフルエンサー） グラフィック制作 映像制作 翻訳サービス 各種ビジネス資料作成 その他クリエイティブ業務全般
2025/11/05 11:37:50,https://bahn-rep.com/dairiten-bosyu/ltvsalon,株式会社LTV-X,東京都港区芝公園1-8-12 ヒューリック芝公園大門通ビル4F,,2010年9月,"10,000,000円",,,,店舗支援サービス「LTV-Salon」 通販向けCRMツール「LTV-Lab」 店舗向け顧客数値管理ツール「わくわく店舗」 CRMクラウドシステムの開発・運営
2025/11/05 11:37:51,https://bahn-rep.com/dairiten-bosyu/licha-sbhikari,株式会社ライチェ,大阪市中央区徳井町2-4-14 宇野ビルディング6F,,2008年,"1,560万円",,,,情報インフラ事業 Web事業 物流事業
2025/11/05 11:37:51,https://bahn-rep.com/muryoukeisaiandend/madery,テクノジャパン株式会社,東京都大田区東雪谷3-12-16 サンライズガーデン1F,,2009年6月1日,2000万円,,,,全国の建築現場と資材をつなぐ「マデリー」の運営 建築・土木のマッチングサイト「建築フリマ」の運営 建築アドバイザー 通信情報処理機器のアドバイザー 文字情報による伝送サービス 環境保全機器の販売
2025/11/05 11:37:51,https://bahn-rep.com/dairiten-bosyu/kulabelu,株式会社plusOne,東京都豊島区池袋2-17-8 丸十ビル302,,2018年4月,700万円,,,,DXコストカット「クラベル」の開発、運用 セカンドキャリア事業 インフルエンサー事務所
2025/11/05 11:37:51,https://bahn-rep.com/fc/nis-gozan,株式会社NIS,大阪府大阪市中央区南船場2-3-2 ハートビル13F,,2009年（創業）,800万円,1億円（2017年6月期）,,,からあげ専門店「鶏笑」のプロデュース及びマネジメント 250店舗 経営コンサルティング 不動産事業
2025/11/05 11:37:51,https://bahn-rep.com/muryoukeisaiandend/arecocln,株式会社サンライズコーポレーション,東京都江戸川区東瑞江1-38-42 庄電ビル,,1995年10月13日,"1,000万円",,,,省エネエアコンパネルの製造、販売 蓄電池システム製造及び販売 農業用機器の輸入及び販売 健康用具の企画開発販売
2025/11/05 11:37:51,https://bahn-rep.com/shot/iphonedoctor,株式会社WISE IT（ワイズアイティ）,東京都千代田区神田須田町1-26 ラシーヌ神田ビル7F,,2006年8月28日,"3,000万円",,iPhone修理事業運営本部,,iPhone修理事業運営本部 美容機器販売 次世代節電ユニットecomo販売 プランニング・コンサルティング事業 古物商許可 第305501505193 総務省登録修理業者 （電気通信事業法：T000047／電波法：R000047）
2025/11/05 11:37:51,https://bahn-rep.com/muryoukeisaiandend/haluene,株式会社ハルエネ,東京都豊島区西池袋一丁目4-10,,2010年6月1日,1億円,799億2800万円（2021年3月時）,,,小売電気事業 ハルエネでんき ハルエネガス
2025/11/05 11:37:51,https://bahn-rep.com/muryoukeisaiandend/bslciq2,一般社団法人 日本ブライダルソムリエ協会,東京都港区南青山2-2-15 ウィン青山837,,2012年6月,,,,,・地域に合った低コスト結婚相談所開業支援 ・認定講座および資格取得支援 ・恋愛教育 ・恋活事業 ・婚活事業 ・イベント事業 ・セミナー開催 ・地方創生
2025/11/05 11:37:51,https://bahn-rep.com/muryoukeisaiandend/google-vr-lifestyle,LIFE STYLE株式会社,東京都港区南青山6-7-14 チガー南青山,,2014年3月,,,,,・VRビジネスアカデミーの運営 ・VRクリエイターアカデミーの運営 ・VRクリエイターマッチングツール『Flic360Make』の提供 ・VRクリエイターマッチングプラットフォーム『Flic360』の提供
2025/11/05 11:37:52,https://bahn-rep.com/muryoukeisaiandend/nurohikariagent,株式会社エージェント,東京都渋谷区宇田川町33-7 アイ・アンド・イー渋谷ビル4F,,2004年4月16日,"5,000万円",,,,総合人材サービス事業
2025/11/05 11:37:52,https://bahn-rep.com/dairiten-bosyu/promostseo,株式会社プロモスト,東京都中央区銀座3-13-19 東銀座313ビル6F,,2016年9月7日,"5,000万円",,,,マンションデジタルサイネージ広告 マンションコミュニティアプリ インターネット集客サービス
2025/11/05 11:37:52,https://bahn-rep.com/muryoukeisaiandend/smart-ex,株式会社アクトプロ,東京都千代田区神田鍛冶町3-6-7 ウンピン神田ビル2F 大阪府大阪市中央区難波2-3-7 POSCO OSAKAビル3F,,2010年1月,"3,000万円",,,,SMART EXCHANGE事業 出退店サポート事業 コスト適正化事業 コールセンター事業 営業代行事業
2025/11/05 11:37:52,https://bahn-rep.com/muryoukeisaiandend/3x3premierexe-xsm,クロススポーツマーケティング株式会社（XEBIOグループ）,東京都千代田区神田錦町3-20 錦町トラッドスクエア14階,,2011年5月10日,,,,60名,スポーツビジネス全般 スポーツマーケティング事業 スポーツ関連のリサーチ・コンサルティング事業 スポーツ関連のイベント・プロモーション事業 スポーツ関連のプロパティ管理事業 その他スポーツビジネス関連
2025/11/05 11:37:52,https://bahn-rep.com/fc/hogushiandrelaxaxia,ほぐし＆リラックス（株式会社Axia Arc）,東京都港区芝3-40-4 三田シティプラザ4階,,2019年2月,,,,,WEBマーケティング事業 WEBプロダクト事業 人材リソース事業
2025/11/05 11:37:52,https://bahn-rep.com/dairiten-bosyu/otegalhikari,株式会社エクスパートナーズ,東京都新宿区西新宿6-12-1 西新宿パークウエストビル4階,,2020年1月28日,"2,000万円",,アライアンス事業部,,アライアンス事業 新電力事業 Web制作事業
2025/11/05 11:37:52,https://bahn-rep.com/muryoukeisaiandend/gnavi,株式会社ぐるなび,東京都千代田区有楽町1-2-2 東宝日比谷ビル6F,,1989年10月2日,100百万円（2021年9月30日現在）,,,,飲食店等の情報提供サービス 飲食店等の経営に関わる各種業務支援
2025/11/05 11:37:53,https://bahn-rep.com/fc/nis-torisyo,株式会社NIS,大阪府大阪市中央区南船場2-3-2 ハートビル13F,,2009年（創業）,800万円,,,,からあげ専門店「鶏笑」のプロデュース及びマネジメント 250店舗 経営コンサルティング 不動産事業
2025/11/05 11:37:53,https://bahn-rep.com/muryoukeisaiandend/coworkstorage,東日本電信電話株式会社,東京都新宿区西新宿3-19-2,,1999年7月1日,"3,350億円",,,"5,085人（2021年3月31日現在）",東日本地域における地域電気通信業務及びこれに附帯する業務、目的達成業務、活用業務 ※北海道、青森県、岩手県、宮城県、秋田県、山形県、福島県、茨城県、栃木県、群馬県、埼玉県、千葉県、東京都、神奈川県、新潟県、山梨県及び長野県 ※県内通話に係る電話、専用、総合デジタル通信などの電気通信サービス
2025/11/05 11:37:53,https://bahn-rep.com/muryoukeisaiandend/ntthigashiaiocr,東日本電信電話株式会社,東京都新宿区西新宿3-19-2,,1999年7月1日,"3,350億円",,,"5,085人（2021年3月31日現在）",東日本地域における地域電気通信業務及びこれに附帯する業務、目的達成業務、活用業務 ※北海道、青森県、岩手県、宮城県、秋田県、山形県、福島県、茨城県、栃木県、群馬県、埼玉県、千葉県、東京都、神奈川県、新潟県、山梨県及び長野県 ※県内通話に係る電話、専用、総合デジタル通信などの電気通信サービス
2025/11/05 11:37:54,https://bahn-rep.com/muryoukeisaiandend/gigarakucamera,東日本電信電話株式会社,東京都新宿区西新宿3-19-2,,1999年7月1日,"3,350億円",,,"5,085人（2021年3月31日現在）",東日本地域における地域電気通信業務及びこれに附帯する業務、目的達成業務、活用業務 ※北海道、青森県、岩手県、宮城県、秋田県、山形県、福島県、茨城県、栃木県、群馬県、埼玉県、千葉県、東京都、神奈川県、新潟県、山梨県及び長野県 ※県内通話に係る電話、専用、総合デジタル通信などの電気通信サービス
2025/11/05 11:38:02,https://bahn-rep.com/muryoukeisaiandend/syokulab-liferobo,ライフロボ株式会社,東京都港区赤坂2-14-13 シャトレ赤坂202,,,"1,000万円",,,,ヘルスケア事業全般 アプリケーションやシステム開発の受託及び運用
2025/11/05 11:38:02,https://bahn-rep.com/dairiten-bosyu/bepbc2,株式会社ブロードエンタープライズ,大阪府大阪市北区太融寺町5-15 梅田イーストビル9階,,2000年12月15日,"750,951,000円",,,75名,マンション向け高速インターネット「B-CUBIC」の販売 後付けオートロックシステム「ブロロック」の販売 キャッシュフロー最大化サービス「賃貸経営ネット」の運営 コールセンター事業（インターネット回線・電気・ガスの取次）
2025/11/05 11:38:04,https://bahn-rep.com/muryoukeisaiandend/looopdenki,株式会社Looop,東京都台東区上野3丁目24番6号 上野フロンティアタワー15階・22階,,2011年4月4日,"3,669百万円（資本準備金3,348百万円） ※2021年3月末現在","56,746百万円 ※2021年3月期連結",電力事業本部 法人営業部 営業支援課,,・電力小売事業 ・電力小売事業に関わる各種業務委託業 ・太陽光発電所システムの開発・販売・設置・工事・管理・メンテナンス ・自社太陽光発電所の設置・管理 ・独立型太陽光発電システムと周辺機器のインターネット販売 ・自然エネルギーを使用した商品の企画・開発・販売 ・損害保険代理店事業
2025/11/05 11:38:14,https://bahn-rep.com/dairiten-bosyu/wuseokiwamicloud,株式会社ライトアップ,東京都渋谷区渋谷2-15-1 渋谷クロスタワー32F,,2002年4月5日,"3億8,638万円",,,100名,Jシステム Jコンサルティング JDネットワーク Jエンジン MG ONLINE WEBコンテンツ企画制作サービス メールクリエイト
