取得日時,取得URL,名称,住所,設立,代表者,事業内容,資本金,従業員数
2025/11/05 12:00:59,https://dairitenboshu.com/syo/9459,JMSシステム,福岡県北九州市小倉北区京町青木ビル,2011年,谷口奈美,飲食店向け日報経理システム「アットコスト」の開発、販売,,
2025/11/05 12:01:00,https://dairitenboshu.com/syo/9460,株式会社ジーユーワークス,東京都千代田区岩本町グレンパーク秋葉原イースト,5 年,,ISOやプライバシーマークなどの認証取得支援業務,,
2025/11/05 12:01:00,https://dairitenboshu.com/syo/9461,株式会社納谷総研,埼玉県さいたま市南区文蔵グラディート南浦和１０１,2007年,納谷敦,１、賃貸マンション退去後の内装原状回復に伴うハウスクリーニング事業 ２、ハウスクリーニング業ハーテクスチェーンの代理店運営管理,1500万円,4人
2025/11/05 12:00:59,https://dairitenboshu.com/syo/9462,株式会社GLAB,広島県東広島市黒瀬町宗近柳国889-1,2008年,蒲田和芳,(1) コンサルティング (2) セミナー・研修会等の開催・事務局代行 (3) 調査・研究 (4) ウェブサイト開発・運営株式会社,200万円,
2025/11/05 12:01:00,https://dairitenboshu.com/syo/9463,株式会社ナオシス,大阪府大阪市西区京町掘１－７－９ 東洋ビル４階東洋ビル４階,2004年,池田直美,バッグなどの革製品の染め加工・修理,300万円,12人
2025/11/05 12:00:59,https://dairitenboshu.com/syo/9464,株式会社ベジット,東京都赤坂,2011年,,自動販売機の設置・運営・コンサルティング業務,1000万円,10人
2025/11/05 12:01:00,https://dairitenboshu.com/syo/9465,㈲トライスメディア,東京都立川市柴崎町3-7-25,2001年,高嶋俊文,携帯電話の修理及び買取 業務用カラオケ機器の販売修理,,
2025/11/05 12:00:59,https://dairitenboshu.com/syo/9466,株式会社Rit,埼玉県さいたま市大宮区桜木町2－308－43F,2010年,高橋朋也,当社はiPhone修理専門店の加盟店募集をしております。iPhone修理サービスは粗利益率60～70％という高いビジネスです。その上、店舗面積2坪から可能で坪効率も高く、兼業で経営する場合も単独店でも大きな成果を上げています。また、立地条件も店舗の2階や裏路地などという二等地でよいのです。それは、専門性が高いサービスで口コミが広がりやすいという点とお客様がインターネット経由で来店することが多いからです。 iPhone修理はApple認定の正規店がございますが、交換対応のためデータを移行しないといけない点、修理する方が多くて長時間待たされる点、水没修理等の対応をしていないなどの理由で非正規店での需要が高まっております。現在、名刺屋さん、写真屋さん、飲食店、電気屋さん等でのインショップをはじめ、遊休店舗の活用など多方面で当社のビジネスを導入されています。 もし、関心がありましたら当社担当者まで電話等でお問い合わせ下さい。 資料を無料でお送りさせて頂きます。,300万円,8人
2025/11/05 12:00:59,https://dairitenboshu.com/syo/9468,株式会社SYOUTEN,東京都千代田区神田須田町1-3-7神田ランドビル2B,2001年,塩田伸吾,各種ポータルサイトの運営・企画・販売、飲食店の出店サポート、ビルサブリース,200万円,5人
2025/11/05 12:01:00,https://dairitenboshu.com/syo/9469,ポスモプラザ株式会社,東京都中野区本町３－４－３,2012年,朝枝 繁,居宅介護支援事業、訪問介護事業、障害福祉サービスの直営/フランチャイズ募集。 上記事業体のフランチャイズ本部運営。,950万円,12人
2025/11/05 12:00:59,https://dairitenboshu.com/syo/9470,有限会社メディカ,愛媛県松山市余戸東4-9-16株式会社メディカグループ,2006年,石崎隆志,,900万円,
2025/11/05 12:00:59,https://dairitenboshu.com/syo/9471,ポスモプラザ株式会社,東京都中野区本町３－４－３,2010年,朝枝 繁,中古車の販売・買取り「ポスモプラザ」の直営。 上記、販売代理店管理。,950万円,12人
2025/11/05 12:01:00,https://dairitenboshu.com/syo/9472,株式会社クリーネ,東京都荒川区東日暮里１－１７－２,2007年,,ハウスクリーニング、クロス張替、各種修繕工事、大工工事、エアコン洗浄、 原状回復工事。,1000万円,30人
2025/11/05 12:01:00,https://dairitenboshu.com/syo/9473,一般社団法人 日本配食サービス協会,東京都千代田区外神田６−１５−１１日東ビル７０１,,吉田幸生,高齢者向け配食サービスの開業支援 顧客紹介サイトの運営http://haisyoku.jpn.com/madoguchi Ｍ＆Ａ ＨＰの作成,,
2025/11/05 12:01:00,https://dairitenboshu.com/syo/9474,株式会社日本オートプラザ,大阪府大阪市淀川区西中島6-2-3チサン第七新大阪8Ｆ,2001年,渡辺岳明,中古車販売代理店チェーン運営,,20人
2025/11/05 12:01:00,https://dairitenboshu.com/syo/9475,株式会社結婚情報センター,大阪府大阪市西区新町１－２－１３新町ビル９Ｆ,,,,,
2025/11/05 12:01:00,https://dairitenboshu.com/syo/9476,オーエスケー合同会社,東京都中央区東日本橋2-28-4日本橋CETビル,2009年,大野カズミ,サプリメント・化粧品・アロマ製品の開発、輸入、製造及び販売 ホームページの企画・立案・制作・運用・保守・管理 インターネットによる情報処理、通信販売及び情報提供サービス 市場調査及び広告宣伝業務 サプリメントショップスタッフの教育、研修及びコンサルティング サプリメントショップ運営に関するコンサルティング,900万円,
2025/11/05 12:01:00,https://dairitenboshu.com/syo/9477,キズナリンクス株式会社,千葉県松戸市根本3-12セザール松戸ビル1階,2014年,二又 秀樹,中古ブランドファッション関連のリユース事業 ネット事業,500万円,10人
2025/11/05 12:01:00,https://dairitenboshu.com/syo/9478,ピーアールオー 匠乃トランク,兵庫県神戸市中央区磯上通6丁目1-15JMTビル3f,19年,門田真,宮内庁御用職人謹製 革トランクのオーダーメイド。 国内外各地より、ウェブサイトから革トランクのオーダーメイドを承っています。 個人の方のビジネスアタッシュケース、旅行用トランクや家具トランク、アパレル会社や工務店からディスプレイ用の大型トランク、デザイナーブランドからのコレクション用トランク、精密機械や楽器などのケースと多岐に渡ります。,,
2025/11/05 12:01:00,https://dairitenboshu.com/syo/9479,株式会社コム・サイド,静岡県静岡市葵区千代1-18-293F,2009年,小林鉱史,広告企画・制作プロダクション,350万円,3人
2025/11/05 12:01:00,https://dairitenboshu.com/syo/9480,株式会社リリーフ・アイ,東京都豊島区池袋本町1-17-4,2014年,吉村 啓,資格取得支援求人サイト Careers.com運営 キャリア形成支援事業 福利厚生支援事業 WEB製作事業 WEBプロモーション事業 マーケティング支援事業,,
2025/11/05 12:01:00,https://dairitenboshu.com/syo/9481,株式会社アビリティＸ,東京都台東区谷中３－２４－４Ｋハウス204,2006年,岡村普,廃業市場の運営,560万円,1人
2025/11/05 12:01:00,https://dairitenboshu.com/syo/9482,パソコンサポート屋,東京都江東区大島5-48-9,2003年,永野典明,パソコンサポート屋自体はシステムエンジニアの集団です。 システム保守業を中心に展開しております。 弊社には、お客様からのパソコン修理依頼が入ってきます。 そこでフィールドサポート募集しております。 加盟金：150000円 保証金：300000円 パテント料：20000円/月 店舗出す場合は100～200万円位を想定,800万円,8人
2025/11/05 12:01:01,https://dairitenboshu.com/syo/9483,有限会社えんがわ,岐阜県各務原市鵜沼東町6-76-2ハイシンフォニー2F,2006年,横山宗正,"◆事業ミッション 「固定費0円!地域の中小零細企業に寄り添う経費削減担当者」 経費削減WIN!は「中小企業専門の経費削減・補助金パートナー」として、業界初！削減項目ごとに複数社との相見積・単価交渉を行う事で、お客様にとって適正な削減プランを実施しています。 経費削減％補助金プラン項目数は20項目以上、過去13年の相談件数 3,000件以上、削減成功率91.5%の実績。",600万円,
2025/11/05 12:01:01,https://dairitenboshu.com/syo/9484,株式会社ウィル,大阪府大阪市中央区内本町1-1-6内本町B＆Mビル6階,2008年,溝口 奈穂,社員研修、バーチャルオフィス、貸会議室、労務管理コンサルティング 2017年11月15日に株式会社ウィルへ社名変更しました。,1000万円,4人
2025/11/05 12:01:01,https://dairitenboshu.com/syo/9485,株式会社e-システム,東京都文京区大塚１－５－１８大伴ビル８Ｆ,2006年,横尾雅美,コスト削減プランニング,1000万円,
2025/11/05 12:01:01,https://dairitenboshu.com/syo/9486,株式会社beberise,東京都港区赤坂6-14-3近文ビル6階,2013年,八島国博,・家賃保証サービス ・不動産賃貸・売買・仲介・管理 ・レンタルオフィス・バーチャルオフィス運営 ・システム開発事業 ・ブライダル事業,1000万円,10人
2025/11/05 12:01:01,https://dairitenboshu.com/syo/9488,株式会社beberise,東京都港区赤坂6-14-3近文ビル6階,2013年,八島国博,・家賃保証サービス ・不動産賃貸・売買・仲介・管理 ・レンタルオフィス・バーチャルオフィス運営 ・システム開発事業 ・ブライダル事業,1000万円,10人
2025/11/05 12:01:01,https://dairitenboshu.com/syo/9489,株式会社Officebebe,東京都港区赤坂4-13-5赤坂オフィスハイツ,2010年,八島 国博,・振込手数料コストダウンサービス ・家賃保証サービス ・クレジットカード決済サービス ・ホームページ作成サービス ・レンタルプリンタ ・少額短期保険窓口 ・レンタルオフィス運営,1000万円,15人
2025/11/05 12:01:01,https://dairitenboshu.com/syo/9491,株式会社Officebebe,東京都港区赤坂4-13-5赤坂オフィスハイツ,2010年,八島 国博,・振込手数料コストダウンサービス ・家賃保証サービス ・クレジットカード決済サービス ・ホームページ作成サービス ・レンタルプリンタ ・少額短期保険窓口 ・レンタルオフィス運営,1000万円,15人
2025/11/05 12:01:01,https://dairitenboshu.com/syo/9492,ティダ株式会社,東京都大田区東糀谷2-7-15片岡ビル1F,2012年,菊地恵美子,■活魚及び魚介類及び観賞用生物等の飼育装置の販売、飼育設備の輸入・設計・施工及び保守等の業務 ■観賞用生物の卸・販売及び飼育用品の販売 ■ペット用品及び海の生体の販売代行・販売 ■生花、観葉植物、植木の輸入・卸・販売及び保守等の業務 ■インターネットによる通信販売業務 ■インターネットに関するコンサルティング業務及び販売代行業務,900万円,7人
2025/11/05 12:01:01,https://dairitenboshu.com/syo/9494,株式会社縁Planning,東京都品川区西五反田7-13-5DK五反田ビル3階,2015年,山下正雄,求人関連事業 Web関連事業 カウンセリング事業 コンサルタント事業,900万円,6人
2025/11/05 12:01:01,https://dairitenboshu.com/syo/9496,株式会社フェアーウェイ,東京都港区六本木５－１８－１８プレシャス六本木ビル 2F,1986年,安島 丈雄,映像制作事業 クラウド事業,3000万円,50人
2025/11/05 12:01:02,https://dairitenboshu.com/syo/9497,合同会社ダンクス,大阪府大阪市東淀川区西淡路1-1-28ライオンズマンション502,2014年,吉田雄太,大阪でポータルサイト運営システムを提供するポータルジャパンは6月24日、誰でも簡単に業種エリア特化型のポータルサイトが運用できるCMSの提供エリアを全国へと拡大すると発表しました。 6月1日よりサービスを開始しており、地元大阪を中心にポータルオーナーを募集していたが、10月末までに500件を超える成約があったため、掲載エリアを全国に拡大する。 全国展開に先立ち、スマートフォン向けWebページの表示見直しと表示速度の改善など、システムの改良とユーザー数の増加を踏まえ、月額料金が3万円となる。(代理店は別途初期費用15万円が必要)。 同社はCMSを独自開発しており、リアルな地元情報を掲載することで上位表示されやすいポータルサイトの提供を目指している。レスポンシブデザインも採用しており、ブレイクポイントを5カ所設けることで、スマホやタブレットの縦画面・横画面、PCの画面と多様化する端末に完全対応している。また、サイト上で確保した広告収益はすべてサイトオーナーに帰属するという。 スマホの普及により、ポータルサイトの需要が高まり、広告収益に興味を持たれる法人様・個人様が日に日に増えております。 『日本初のビジネスモデルです』 オーナー様は、今まで払う側・利用する側だったポータルサイトを、ポータルジャパンの初心者でも可能なポータルサイトでGoogle検索の上位表示し、ビルオーナーのように広告収入や掲載料などの自動収入が手に入ります。 今ならまだ、代理店募集に間に合います。 代理店様は、今ならさらにそのポータルサイトを販売でき、継続的なインセンティブが数百万円取ることが可能です。 まだこのインフラ事業をご検討されているのでしたら、ぜひまずはお問い合わせ下さい。 代理店募集は２０１６年３月末にて終了予定となっております。,100万円,2人
2025/11/05 12:01:02,https://dairitenboshu.com/syo/9500,株式会社総商,東京都千代田区神田佐久間町3-38大陽ビル307,,茂木昇二,家賃保証業務,2000万円,15人
2025/11/05 12:01:02,https://dairitenboshu.com/syo/9501,有限会社イーデザインショップ,福岡県糸島市前原北4丁目8-14北側2F,1995年,諸藤英児,インターネット付随サービス業 専門サービス業,400万円,
2025/11/05 12:01:02,https://dairitenboshu.com/syo/9502,グリーンエンジニアリング株式会社,東京都港区新橋1-18-12新橋一丁目ビル6階,2013年,伊藤進一,太陽光発電システム（住宅用・産業用）、オール電化製品の販売、施工 オーストラリアで2009年に設立し太陽光パネルを広めているGREEN ENGINEERING PTY.LTD.の日本法人。日本国内でも法人・個人向け太陽光発電システムの営業、販売をしています。,500万円,6人
2025/11/05 12:01:02,https://dairitenboshu.com/syo/9503,合同会社ペコアス,東京都豊島区西巣鴨3-1-12アーデル大塚Cスクエア405,2012年,長谷部幸一,ペットコミニュティポータルサイトPECOASの運営,300万円,5人
2025/11/05 12:01:02,https://dairitenboshu.com/syo/9504,株式会社エスネッツ,東京都新宿区西新宿6-26-12ITOビル4F,2007年,薛 仁興,LED照明 http://www.s-nets.co.jp/pdf/a_13.pdf イニシャルコスト【無し】期間の縛り【無し】レンタル費用【電気料金の削減範囲内】 既存の電気代が最大８分の１に！下がった電気代の中でレンタル代金をお支払い。ラインナップも豊富ですので他社で断られた電球もお任せください。 食用油改質触媒[オイルファイン] http://www.s-nets.co.jp/pdf/a_20.pdf ・コスト削減：フライオイルの使用量が最大半分になります。特許技術でフライオイルの分子をナノ化。イオンの力で劣化を防ぎフライオイルを長持ちさせます。 ・使用方法が簡単：電気も使わず、フライヤーに入れておくだけの簡単設計です。調理場での負担が無いので面倒な手間がありません。 ・廃油も軽減：フライオイルの使用量が減る分、廃油も減ります。環境への配慮および廃棄コストも削減できます。,4500万円,
2025/11/05 12:01:02,https://dairitenboshu.com/syo/9505,株式会社エスネッツ,東京都新宿区西新宿6-26-12ITOビル4F,2007年,薛 仁興,LED照明 http://www.s-nets.co.jp/pdf/a_13.pdf イニシャルコスト【無し】期間の縛り【無し】レンタル費用【電気料金の削減範囲内】 既存の電気代が最大８分の１に！下がった電気代の中でレンタル代金をお支払い。ラインナップも豊富ですので他社で断られた電球もお任せください。 食用油改質触媒[オイルファイン] http://www.s-nets.co.jp/pdf/a_20.pdf ・コスト削減：フライオイルの使用量が最大半分になります。特許技術でフライオイルの分子をナノ化。イオンの力で劣化を防ぎフライオイルを長持ちさせます。 ・使用方法が簡単：電気も使わず、フライヤーに入れておくだけの簡単設計です。調理場での負担が無いので面倒な手間がありません。 ・廃油も軽減：フライオイルの使用量が減る分、廃油も減ります。環境への配慮および廃棄コストも削減できます。,4500万円,
2025/11/05 12:01:02,https://dairitenboshu.com/syo/9506,ハイタッチ・マーケティング有限責任事業組合,東京都新宿区新宿１－３６－２新宿第七葉山ビル３F,,,,,
2025/11/05 12:01:02,https://dairitenboshu.com/syo/9508,株式会社WEBマーケティング総合研究所,東京都新宿区西新宿3-2-4新和ビル10F,2002年,吉本俊宏,,,
2025/11/05 12:01:03,https://dairitenboshu.com/syo/9509,株式会社ＮＪＣ,東京都中央区晴海5-1-9,,,外国人技能実習生材紹介に付随して、ベトナム・中国サポート、保険申請工事などを提供 外国人人材紹介や外国人雇用を考えている方もお問い合わせください。,,
2025/11/05 12:01:03,https://dairitenboshu.com/syo/9510,株式会社絆コンサルティング,東京都新宿区新宿6-24-20KDX新宿6丁目ビル ９F,2008年,伊藤,通信事業,1000万円,50人
2025/11/05 12:01:03,https://dairitenboshu.com/syo/9511,株式会社ファンシーフラワー工房,埼玉県さいたま市岩槻区本町2-1-27,1987年,小林壮平,1.工芸の製造販売 2.造花の製造販売 3.ストラップの製造販売 4.ワイヤー加工品の製造販売 5.加盟店の品揃えの指導とこれに伴う必需商品の仕入ルートの斡旋 6.上記各号に附帯する一切の業務,1000万円,2人
2025/11/05 12:01:04,https://dairitenboshu.com/syo/9512,株式会社ライクス,東京都豊島区池袋2-40-13240池袋ビル8F,2014年,渡辺大介,通信・ネットワーク／コンサルタント／コールセンター 仲介／情報提供サービス／ウォーターサーバー アライアンス/販売代理店,500万円,56人
2025/11/05 12:01:03,https://dairitenboshu.com/syo/9513,株式会社B.R.Japan,東京都中央区日本橋中洲5-10 第16シグマビルディング日本橋 2階,2013年,宇田川富大,不動産仲介事業 不動産コンサルティング事業 不動産管理業,300万円,6人
2025/11/05 12:01:03,https://dairitenboshu.com/syo/9514,株式会社ナイトウォーク,群馬県高崎市問屋町西1-8-1高崎朝日第二ビル501,,,新サービス1009ch(トークチャンネル)のオープニングスタッフ大募集！！ あなたのコミュニケーション力で悩みを持つ方たちの相談役になってください！！ 現在インターネット上では占いや霊感で他人にアドバイスをするサイトが多数を占めますが、当社はそれだけではなく自分の経験で人の話を聞いてあげたり、アドバイスをしてあげる、まるで恋人の様に接してあげる。それを電話を通して行うと言うものです。,,
2025/11/05 12:01:03,https://dairitenboshu.com/syo/9515,株式会社マネージメントアドバイザーズ,大阪府大阪市北区天神橋2-5-3第五新興ビル,2000年,中嶋誠,・代理店管理業務 ・各種コンサル事業 ・個人・法人代理営業 ・イベント関連事業 ・天然石・販売・卸 ・仕入れ代行業務 ・オークション代行業務 ・貿易実務代行 ・コンサルタント業務 ・各種業務の人材派遣 ・輸入ブランド販売 ・情報商材販売 ・介護関連事業,100万円,10人
2025/11/05 12:01:03,https://dairitenboshu.com/syo/9516,株式会社マネージメントアドバイザーズ,大阪府大阪市北区天神橋2-5-3第五新興ビル,2000年,中嶋誠,・代理店管理業務 ・各種コンサル事業 ・個人・法人代理営業 ・イベント関連事業 ・天然石・販売・卸 ・仕入れ代行業務 ・オークション代行業務 ・貿易実務代行 ・コンサルタント業務 ・各種業務の人材派遣 ・輸入ブランド販売 ・情報商材販売 ・介護関連事業,100万円,10人
2025/11/05 12:01:03,https://dairitenboshu.com/syo/9517,株式会社エバーリンク・アセット・パートナーズ,福岡県福岡市中央区荒戸2-3-9-1203シティオ大濠,2006年,石塚 博,株価データ情報サービス 弊社開発のオリジナル株価解析ソフト”ドリームキャッチャー”発売元 製品のサポート・顧客アフターフォローの為のサロン運営及び株式実践講座の運営 全国にサロン運営者の総代理店の開発,1082万円,1人
2025/11/05 12:01:03,https://dairitenboshu.com/syo/9519,株式会社ペース・エレクトロニクス・グループ,神奈川県横浜市金沢区六浦南2-3-3サフィール２Ｆ,1979年,奥平 由紀子,建設・住宅設備商品 電気式極薄シートヒーターの輸入、製造、設計、部材販売、販売、施工、保守。 【暖どりーむ】は、弊社床暖房システムの総称になります。 電気式極薄シートヒーターの為、床暖房以外での施工実績もございます。 弊社施工実績：新築戸建住宅、リフォーム戸建住宅、リノベーション戸建住宅、新築マンション一棟、新築マンション一室、マンションリフォーム、マンションリノベーション、保育園、幼稚園、飲食店、オフィスビル、オフィス一室、店舗、神社、寺院、ケアホーム等様々ございます。,1000万円,5人
2025/11/05 12:01:03,https://dairitenboshu.com/syo/9520,株式会社POLA-RIS,埼玉県川口市戸塚東3-37-14,2012年,鈴木 悠生,ビジネスマッチング事業 情報通信事業 総合コンサルティング業務 WEBサービスの企画・開発・運用,500万円,3人
2025/11/05 12:01:03,https://dairitenboshu.com/syo/9521,株式会社アクレット,兵庫県神戸市中央区中山手通1-21-13パールコーポラス2F,2008年,坪田 寛志,ホームページ制作 CMS導入（Drupal・Wordpress等） アプリ開発 Web/DTPデザイン Webコンサルティング 自社サイト運営 業務システム構築 データ入力・データ収集 等,,
2025/11/05 12:01:04,https://dairitenboshu.com/syo/9522,株式会社プロデュースラボ,愛知県名古屋市中区大須4-1-18セイジョウビル5階,3年,澤村玲子,AR広告 ドキュメンタリー映画製作・配給,1000万円,2人
2025/11/05 12:01:03,https://dairitenboshu.com/syo/9523,株式会社インターネットプロデュース,東京都杉並区西荻北1-2-11,2002年,松井秀人,WEBシステム構築 WEBシステムの更新、運営、管理支援 WEBコンサルティング,250万円,
2025/11/05 12:01:04,https://dairitenboshu.com/syo/9524,株式会社トラスト・Ｄ・クリエイト,大阪府大阪市中央区南船場2-10-30豊城ビル7Ｆ,2015年,中山 力,コールセンター テレマーケティング テレフォンアポインター,100万円,15人
2025/11/05 12:01:04,https://dairitenboshu.com/syo/9525,ゴールドパンチ普及会,東京都新宿区百人町1-22-7-404,2015年,冨田浩二,「オイルをかえないが、未来をかえる！！」 未来の子供たちのためにもゴールドパンチα3000を全国に普及する。,,2人
2025/11/05 12:01:04,https://dairitenboshu.com/syo/9526,株式会社エヌティコーブン,東京都八王子市初沢町１２２７－４,1987年,岩崎 勉,健康食品の開発及び製造、販売,1000万円,10人
2025/11/05 12:01:04,https://dairitenboshu.com/syo/9527,合同会社ニクール,兵庫県伊丹市北伊丹8-10-6アクトステージ伊丹230,2013年,蘭義隆,グラフィックデザイン、ウェブデザイン、映像制作、ウェブマーケティング、ウェブシステム開発,100万円,3人
2025/11/05 12:01:04,https://dairitenboshu.com/syo/9528,株式会社ウェルトップ,福岡県福岡市城南区樋井川5-36-45,2011年,,・スマートフォンアプリ企画・販売 ・Eコマースサイト運営 ・印刷物デザイン ・動画制作 ・ホームページ制作,"1,000万円",
2025/11/05 12:01:04,https://dairitenboshu.com/syo/9529,株式会社Dixi,愛知県名古屋市中区大須4-3-40ARK Zone 7F,2014年,坂部真也,コンシューマ・オフィス向け営業,50万円,20人
2025/11/05 12:01:04,https://dairitenboshu.com/syo/9530,LagnaDesign,北海道札幌市豊平区月寒東一条1５丁目３−１５−１０１,2014年,,,,2人
2025/11/05 12:01:04,https://dairitenboshu.com/syo/9531,株式会社Dixi,愛知県名古屋市中区大須4-3-40ARK Zone 7F,2014年,坂部真也,コンシューマ・オフィス向け営業,50万円,20人
2025/11/05 12:01:04,https://dairitenboshu.com/syo/9532,合同会社ADX,埼玉県久喜市久喜東1-6-37エマーユ久喜5,2010年,安藤大介,当社は多様な業種を取り揃えております。主に4月より始まる自由化に伴う電気供給・プロパンなどのガスの代理店セット販売、IT通信切り替え営業など、または最低報酬のある内装作業員などで、とにかく人一倍稼ぎたいやる気のある方を募集しています。主に営業マン、とにかく他人よりも稼ぎたい独立したいやる気に満たされた方を求めています。毎月100万円以上稼ぐ方が殆どです。 そのノウハウやマネジメントを半年以内で研修して行きます。 半年間最低報酬20万円以上(毎月必ず実績が上がりますので誰でも1万ずつ昇給) 最短半年で独立出来ます。 寮完備・実績に応じた賞与・社会保険完備 上限ないので初月から100万以上稼ぐ方も沢山いらっしゃいます。 埼玉県久喜市東1-6-37エマーユ久喜5 合同会社ADX 代表 安藤 08030971017まで 勤務先関東一円あります。,500万円,30人
2025/11/05 12:01:04,https://dairitenboshu.com/syo/9533,シュレッダーオフィスサービス株式会社,東京都千代田区平河町1-8-2山京半蔵門パレス803,,浅見慎太郎,シュレッダーの修理／販売等,,
2025/11/05 12:01:04,https://dairitenboshu.com/syo/9534,Future Sky,福岡県福岡市東区箱崎ふ頭３丁目1－15,2015年,,インターネット事業 販売代理店,,
2025/11/05 12:01:04,https://dairitenboshu.com/syo/9535,Portaljapa正規代理店,東京都渋谷区幡ヶ谷3-52-4,2015年,渡邉定紀,代理店の開拓、ポータルサイトの販売、ポータルサイトの運営、広告代理店事業,,
2025/11/05 12:01:04,https://dairitenboshu.com/syo/9536,株式会社トリニアス,東京都新宿区大久保2-4-15サンライズ新宿ビル5階,2012年,山口慎一郎,大手通信商材の販売代理店業をメインとしています。コールセンターの規模としては100ブースあり、これからコールセンターの立ち上げをしたい会社様に対して立ち上げ支援や、インターネット回線とセットで販売できるオプションサービスの運営も行っております。,1000万円,70人
2025/11/05 12:01:05,https://dairitenboshu.com/syo/9537,株式会社IREAF,千葉県船橋市湊町2-1-2Y.M.Aofficeビル3F,2014年,井上泰伸,・Googleストリートビュー屋内版サービス、Googleインドアビューのご提案営業・撮影・制作業務,1200万円,30人
2025/11/05 12:01:05,https://dairitenboshu.com/syo/9538,E-spacio LLC,東京都港区南青山2-11-13南青山ビル４F,2008年,大里孝文,モデル事務所 イベント企画運営,,
2025/11/05 12:01:05,https://dairitenboshu.com/syo/9539,株式会社インターネットプロデュース,東京都杉並区西荻北1-2-11,2002年,松井秀人,WEBシステム構築 WEBシステムの更新、運営、管理支援 WEBコンサルティング,250万円,
2025/11/05 12:01:05,https://dairitenboshu.com/syo/9540,メモリーコードジャパン株式会社,福岡県福岡市中央区天神4-8-25オフィスニューガイアNIKKO天神4F,2009年,山本 鉄也,,3330万円,
2025/11/05 12:01:06,https://dairitenboshu.com/syo/9541,JMSシステム,福岡県北九州市小倉北区京町青木ビル,2011年,谷口奈美,飲食店向け日報経理システム「アットコスト」の開発、販売,,
2025/11/05 12:01:05,https://dairitenboshu.com/syo/9543,株式会社スリーピース,東京都中央区銀座8-16-5 ６F銀座中央ビル６F,2010年,堤 信弘,広告代理業又は広告業 電気通信業に基づく通信回線利用加入者の募集及び利用権の販売促進に関する業務 飲食店の経営、企画及び経営コンサルティング インターネット等のNetworkシステムを利用した通信販売業 インターネット上のショッピングモールの企画、開設、運用及びそれらのノウハウの提供 インターネットメディア事業 コールセンター業務 上記各号に付帯する一切の事業,900万円,3人
2025/11/05 12:01:06,https://dairitenboshu.com/syo/9544,株式会社ベネフィット－イオン,福井県福井市つくし野2‐106,2015年,上原幹也,洗濯用洗剤・消臭剤を製造販売しています。また個人の体臭を科学的に検査し、体臭ケアのアドバイス及びカスタマイズされた洗濯洗剤をコアなユーザーに提供しています。 今年3月に汎用品である「体臭のタイプ別洗濯洗剤DSシリーズ8種類」の販売を始めたので、代理店を募集したいと思います。特許申請中のアイテムです。 代理店は個人・法人問いません。 仕入れして頂いて販売して頂くという形で、自己資金なし少額仕入れで開始して頂けます。,200万円,4人
2025/11/05 12:01:05,https://dairitenboshu.com/syo/9545,株式会社TETOTE,福岡県福岡市中央区大名2-4-38チサンマンション天神3 909,2015年,藤田信一,web製作事業 集客コンサルティング事業 イベント企画運営 天神西通り街メディア運営 テレビ制作事業 モデル事業,300万円,5人
2025/11/05 12:01:05,https://dairitenboshu.com/syo/9546,体によい水を考える会（有限会社アシスト）,静岡県浜松市南区三和町225,2000年,寺田秀勝,"【体によい水を考える会 】 高濃度ミネラル水サーバー（Dream21,CMWⅡ）の販売 災害時用浄水剤（エコラールマックス）の販売 いつでもどこでもミネラル水（サンゴパック）の販売 炊飯、煮物、揚げ物用サンゴ粉末剤（海の粉）の販売",300万円,5人
2025/11/05 12:01:05,https://dairitenboshu.com/syo/9547,一般社団法人 生活支援事業振興会,東京都港区浜松町２－２－１５ダイヤビル２階,1989年,,人、物、場所、空間、なんでもプロデュース 独立・起業から既存事業について幅広く対応できます。 Google&Yahoo! 検索１位 ■事業の考案・企画・構成・実施・実行すべて ■独立・起業・開業について全般の請負 ■フランチャイズ・代理店の相談から実施 ■営業代行・宣伝広告の制作から代行 ■資金・投資・融資についての相談と実施 などなど、、、ビジネスに関することなら何でも！ お気軽にご相談下さい。,,
2025/11/05 12:01:05,https://dairitenboshu.com/syo/9548,上海乙同机电科技有限公司,東京都上海市普陀区靖边路199弄-26-1204陽光威尼斯,2009年,,モーターの製造販売 オーダーメイドも可能です。,,
2025/11/05 12:01:05,https://dairitenboshu.com/syo/9549,株式会社フルサポートグループ,鹿児島県鹿児島市樋之口町3-21ウエストパーク１F,,内田幸太,WEB事業,,
2025/11/05 12:01:05,https://dairitenboshu.com/syo/9550,商研テクノ株式会社,広島県広島市西区井口5-1-9,,,,,
2025/11/05 12:01:05,https://dairitenboshu.com/syo/9551,有限会社 エコテック,東京都葛飾区青戸1-7-3クサカベパールマンション3-B,2004年,笹崎 和子,主にエコ関連(省エネシステム)の商材を扱っております。 新たな分野での商材として、特殊な発電機を主力商品としております。 モーター等の省エネや新電力(PPS)も行っており、エコ関連の商材を多岐に渡り御提案が可能です。,300万円,5人
2025/11/05 12:01:05,https://dairitenboshu.com/syo/9552,日本生涯学習協会有限責任事業組合,大阪府大阪市淀川区西中島４丁目１０－４オクムラビル７階,,,,,
2025/11/05 12:01:06,https://dairitenboshu.com/syo/9553,合同会社ＳＤＣ,東京都品川区南大井3-16-1-9F,2016年,佐藤健次,求人広告代理業,,
2025/11/05 12:01:06,https://dairitenboshu.com/syo/9554,グローリージェイピー,東京都北青山 2-7-20猪瀬ビル2F,,,Web制作事業(デザイン・コーディング・CMS組み込み) ネット広告事業(SEO・MEO・リスティング) 風評被害対策事業 システム開発事業(予約システム・CMSカスタマイズ・ECサイト) アプリ開発事業,,
2025/11/05 12:01:06,https://dairitenboshu.com/syo/9555,株式会社イーエス,大阪府大阪市天王寺区生玉前町5－28アンビション三和,1988年,安田猛,駐車場入出庫チェーンゲート製造・販売・施工 駐車場機器類製造・販売・施工 駐車場車両管制システム保守・メンテナンス 駐車場機器類保守・メンテナンス,9400万円,8人
2025/11/05 12:01:06,https://dairitenboshu.com/syo/9556,株式会社グレードインターナショナル,東京都中央区銀座7-5-4,2014年,,,,
2025/11/05 12:01:07,https://dairitenboshu.com/syo/9558,メモリーコードジャパン株式会社,福岡県福岡市中央区天神4-8-25オフィスニューガイアNIKKO天神4F,2009年,山本 鉄也,,3330万円,
2025/11/05 12:01:06,https://dairitenboshu.com/syo/9559,株式会社ミスト,長野県長野市豊野町豊野１２００－１５,,,,,
2025/11/05 12:01:06,https://dairitenboshu.com/syo/9560,株式会社ミスト,長野県長野市豊野町豊野１２００－１５,,,,,
2025/11/05 12:01:06,https://dairitenboshu.com/syo/9562,㈲トライスメディア,東京都立川市柴崎町3-7-25,2001年,高嶋俊文,携帯電話の修理及び買取 業務用カラオケ機器の販売修理,,
2025/11/05 12:01:06,https://dairitenboshu.com/syo/9563,アーキ・メイク合同会社,福岡県北九州市門司区清見2-6-6,,,・壁面装飾（topping）の企画・施工 ・壁面装飾ツールの企画・販売・ワークショップ ・業務用洗剤・芳香、消臭剤・コーティング剤の企画・製造・販売 ・クロスリペアコート・アウターウォッシュライセンス本部 ・ペイントワーク（建築塗装）,,
2025/11/05 12:01:07,https://dairitenboshu.com/syo/9564,有限会社 エコテック,東京都葛飾区青戸1-7-3クサカベパールマンション3-B,2004年,笹崎 和子,主にエコ関連(省エネシステム)の商材を扱っております。 新たな分野での商材として、特殊な発電機を主力商品としております。 モーター等の省エネや新電力(PPS)も行っており、エコ関連の商材を多岐に渡り御提案が可能です。,300万円,5人
2025/11/05 12:01:06,https://dairitenboshu.com/syo/9565,スターティアレイズ株式会社,東京都新宿区西新宿2-3-1モノリスビル19F,2017年,古川 征且,クラウドストレージ関連事業・RPA関連事業,"9,000万円",20人
2025/11/05 12:01:06,https://dairitenboshu.com/syo/9566,スターティアレイズ株式会社,東京都新宿区西新宿2-3-1モノリスビル19F,2017年,古川 征且,クラウドストレージ関連事業・RPA関連事業,"9,000万円",20人
2025/11/05 12:01:06,https://dairitenboshu.com/syo/9567,日本生涯学習協会有限責任事業組合,大阪府大阪市淀川区西中島４丁目１０－４オクムラビル７階,,,,,
2025/11/05 12:01:07,https://dairitenboshu.com/syo/9568,株式会社ミスター通商,東京都板橋区中丸町51-10BROOKS中丸ビル9F,1985年,鈴木常央,生活支援フランチャイズサービス 町の便利屋さんファミリー,1000万円,38人
2025/11/05 12:01:07,https://dairitenboshu.com/syo/9569,株式会社Ｍ２,東京都港区虎ノ門3-10-4,2006年,,健康食品・化粧品小売卸売業,300万円,
2025/11/05 12:01:07,https://dairitenboshu.com/syo/9570,㈲トライスメディア,東京都立川市柴崎町3-7-25,2001年,高嶋俊文,携帯電話の修理及び買取 業務用カラオケ機器の販売修理,,
2025/11/05 12:01:07,https://dairitenboshu.com/syo/9571,ライジングフォース,愛知県名古屋市大須1-7-14,2014年,伊藤,ホームページ制作 印刷物 写真撮影 写真販売,,3人
2025/11/05 12:01:07,https://dairitenboshu.com/syo/9572,東京都新規商談推進協会,東京都渋谷区渋谷2-21-1ヒカリエ8F MOV,2014年,斎藤義隆,東京にある企業を対象とした商談推進のサービスを提供。 現在、企業からの商品提案を受けると、3000円の商品券をもらえるサービスをご提供しております。 サービス名：スーパーベネフィット 契約をしなくても、3000円の商品券がもらえます。商談後、3日以内にご指定の住所へ発送します。,,
2025/11/05 12:01:07,https://dairitenboshu.com/syo/9573,株式会社ナック,東京都新宿区西新宿1-25-1新宿センタービル42F,1971年,吉村 寛,ナックは1971年の創業以来、つねに消費者に向き合う事業を行っています。 安心・安全、便利でおいしいお水を全国にお届けする「クリクラ」。ご家庭やオフィスのおそうじを快適にする「ダスキン」や、お店の環境をいつでもクリーンに保つ「ウィズ」などを展開するレンタル事業。工務店の経営支援のノウハウに加え、太陽光発電システムや省エネ商材の商流をつくる建築コンサルティング事業。 一見、係わり合いがないように見える事業ですが「消費者のお困りごとを担う」というコンセプトでつながっています。 ナックは、毎日の生活でよりお役に立てるように、「暮らし」と「住まい」の事業を積み重ねてきました。そしてこれからも、お客様の毎日を幅広く支える企業を目指します。,670000万円,
2025/11/05 12:01:07,https://dairitenboshu.com/syo/9574,株式会社スリーエス,沖縄県浦添市宮城4-13-2,,,,,
2025/11/05 12:01:07,https://dairitenboshu.com/syo/9575,株式会社ナック,東京都新宿区西新宿1-25-1新宿センタービル42F,1971年,吉村 寛,ナックは1971年の創業以来、つねに消費者に向き合う事業を行っています。 安心・安全、便利でおいしいお水を全国にお届けする「クリクラ」。ご家庭やオフィスのおそうじを快適にする「ダスキン」や、お店の環境をいつでもクリーンに保つ「ウィズ」などを展開するレンタル事業。工務店の経営支援のノウハウに加え、太陽光発電システムや省エネ商材の商流をつくる建築コンサルティング事業。 一見、係わり合いがないように見える事業ですが「消費者のお困りごとを担う」というコンセプトでつながっています。 ナックは、毎日の生活でよりお役に立てるように、「暮らし」と「住まい」の事業を積み重ねてきました。そしてこれからも、お客様の毎日を幅広く支える企業を目指します。,670000万円,
2025/11/05 12:01:07,https://dairitenboshu.com/syo/9576,アイレック株式会社,東京都千代田区麹町6-6-2番町麹町ビルディング5階,2024年,櫟本亮二,採用サイト支援サービス「iRec（アイレック）」の提供 採用ブランディング支援,3000万円,
2025/11/05 12:01:07,https://dairitenboshu.com/syo/9577,株式会社 Three Peace,東京都町田市原町田6-18-13サニーサイドビル5階C号室,2006年,佐々木 聡,中古パソコン販売業,"1,000万円",3人
2025/11/05 12:01:08,https://dairitenboshu.com/syo/9578,エコ・フロンティア株式会社,大阪府大阪市中央区西心斎橋1-1-11,2016年,加好 洋一,省エネルギー推進事業 ・空調用省エネ機器「α-HT1000」 ・LED照明機器（全メーカー対応しております） ・太陽光発電 ・デマウンドコントロール ・蓄電池 It will deliver a valuable energy saving 価値ある省エネをお届けします,100万円,5人
2025/11/05 12:01:08,https://dairitenboshu.com/syo/9579,株式会社サブライムデザイン,東京都新宿区高田馬場1-17-16 中村ビル３Ｆ,2008年,,,2600万円,30人
2025/11/05 12:01:08,https://dairitenboshu.com/syo/9580,株式会社 NEXT HEART,奈良県奈良市中登美ヶ丘1-1994-3 D17-105,2012年,山本 貴久,身の回りの要望を紹介するだけ。営業ノルマ等は一切ありません。例えば、ご友人がお車をぶつけて修理がしたい！ついでに車検も！なんて話を聞いた際はご紹介ください。結婚式で、ゴスペルの演出がしたいという方がいらっしゃいましたらご紹介ください。HPを作成したいという方がいましたらご紹介ください。身の回りの、何かをしたいというご依頼を紹介頂くのがお仕事です。このビジネスは、基本的には自分の周りの友人知人の間で仕事を回しあい、お互いを助け合いながらビジネスをすることを目的としています。ノルマや押し付けもありません。要望があり、納得がいった場合のみビジネス成立となります。ビジネスの場では紹介料を支払うのは当然の事ですが、知り合いの間柄では紹介したからと言ってお金を取るわけにはいきません。ビジネス報酬は、友人から頂くのではなく、仕事を紹介してあげた業者様よりお礼としていただくのがこの副業のシステムになります。 また、営業はしないでください。営業をしなくても、自然に要望があればそれを繋げるだけの話。何気ない会話から、誰でも「あそこのお店がいいよ」とか、情報を与えたり、もらったりします。仕事が正確で適正価格、若しくは他店よりリーズナブルなら紹介した方も喜ばれます。紹介された側もお財布に優しければ嬉しいですよね。,500万円,2人
2025/11/05 12:01:08,https://dairitenboshu.com/syo/9581,サクセスキューブ株式会社,宮崎県児湯郡川南町平田3087-1,2008年,秋田秀一,南九州の宮崎からシリカ水を通販しています。宮崎県小林市の天然のもシリカ水です。井戸（深さ）の違いから２種類のシリカ水を取り扱っています。,1000万円,2人
2025/11/05 12:01:08,https://dairitenboshu.com/syo/9582,株式会社オフィスグローヴ,東京都千代田区神田神保町2-7-3神保町NKビル7階,2001年,四宮 久視子,業務請負業 通信関連に特化しています。,5550万円,
2025/11/05 12:01:08,https://dairitenboshu.com/syo/9583,株式会社オフィスグローヴ,東京都千代田区神田神保町2-7-3神保町NKビル7階,2001年,四宮 久視子,業務請負業 通信関連に特化しています。,5550万円,
2025/11/05 12:01:08,https://dairitenboshu.com/syo/9584,株式会社 自家おんせん,京都府京都市山科区四ノ宮小金塚８番地203,2016年,脇本孝敏,家庭用ミネラル健康温浴器 温寿 の販売・レンタリース事業を創業しています。 本事業のコンセプトは、「健康の根幹は入浴にあり。冷えはあなたを壊し寿命を奪う」です。中高年層の健康寿命延伸には温泉浴が有効で「自宅で湯治」を推奨して温寿の温泉浴効用を普及する事業です。 年商は、モニター契約20件からの継続収入の合計です。,100万円,3人
2025/11/05 12:01:08,https://dairitenboshu.com/syo/9585,株式会社 池商,新潟県新潟市江南区亀田大月２丁目４６５番地５,2003年,池田 史郎,自転車メーカーとしてMYPLLAS/Tonino Lanborghini/GRAPHISブランドで自転車を製造・輸入・販売 株式会社 池商として自転車の販売の他に・RAMASU/MASAIブランドとして小物家電品の製造・輸入・販売を行っています。また関連会社によるインターネットでの販売を行っています。,1000万円,30人
2025/11/05 12:01:08,https://dairitenboshu.com/syo/9586,一般社団法人 生活支援事業振興会,東京都港区浜松町２－２－１５ダイヤビル２階,1989年,,人、物、場所、空間、なんでもプロデュース 独立・起業から既存事業について幅広く対応できます。 Google&Yahoo! 検索１位 ■事業の考案・企画・構成・実施・実行すべて ■独立・起業・開業について全般の請負 ■フランチャイズ・代理店の相談から実施 ■営業代行・宣伝広告の制作から代行 ■資金・投資・融資についての相談と実施 などなど、、、ビジネスに関することなら何でも！ お気軽にご相談下さい。,,
2025/11/05 12:01:08,https://dairitenboshu.com/syo/9587,株式会社 池商,新潟県新潟市江南区亀田大月２丁目４６５番地５,2003年,池田 史郎,自転車メーカーとしてMYPLLAS/Tonino Lanborghini/GRAPHISブランドで自転車を製造・輸入・販売 株式会社 池商として自転車の販売の他に・RAMASU/MASAIブランドとして小物家電品の製造・輸入・販売を行っています。また関連会社によるインターネットでの販売を行っています。,1000万円,30人
2025/11/05 12:01:08,https://dairitenboshu.com/syo/9588,WOO-EAST株式会社,東京都中央区日本橋小伝馬町１７-１３第９堀ビル４階,2019年,北條 雅弘,～水素水よりも高濃度な水素ガス吸入器の取扱い～ 水素は「飲む」時代から「吸入」する時代へ 「水素ガス吸入による血流変化とゴースト血管再生の体験で実感！」 ≪代理店募集内容≫ 【仕事内容】先ずはご自身で購入体感することからスタートです！ その実体感を元にお客様にも体感をしていただくお仕事です。 ＜主な取扱対象先＞ スポーツジム・フィットネス・加圧トレーニング・美容室・理容・エステ・ネイルサロン 整骨院・鍼灸院・歯科医院・耳鼻咽喉科・調剤薬局・学校（運動部）・健康ランド 一般家庭など・・・・・ 【勤務地】全国エリア 【勤務時間】自由（本業・副業） 【収入】完全出来高 【待遇】面談時に打合せ 【休み】自由 【資格】体感購入 【フォロー体制】研修あり・チラシ（パンフ）あり 【応募方法】応募受付⇒面談⇒採用 【面接日】随時 【採用担当者】池田 【担当者からひと言】体感できる商品ですので自信を持って取り扱えます！ 【連絡先】会社：03-3527-2211 携帯：090-6648-5094 ≪企業情報≫ 【企業名】WOO-EAST株式会社 (旧社名：株式会社テクノイースト/設立2015年11月) 【業 種】健康と美容 【代表者】北條 雅弘 【立年月】2019年11月 【資本金】1000万円 【従業員】10名※アルバイト、パート含む 【ホームページ】http://www.woo-east.com,1000万円,10人
2025/11/05 12:01:08,https://dairitenboshu.com/syo/9589,上海高赫進出口有限公司,東京都千代田区大手町1-3-5,1996年,張 春艶,折りたたみ台車の販売委託先求む 当社は紡績設備、台車などの製造、販売会社です。 台車の生産工場は中国上海にある、1996年に設立しました、 売り先は東南アジア、中東、ヨーロッパが中心です。日本楽天市場で人気台車http://item.rakuten.co.jp/5959mammy/4901139204221/#4901139204221 もううちの製品です。価額が優位にある、OEM生産もうできます。 国際標準の技術及び品質要求に対応するためにISO9001：2000品質認証をとれました。 弊社パートナーとして折りたたみ台車を販売いただける販売代理店と販売店を探しています もし仕入れが必要なら、弊社よりご連絡ください,3000万円,30人
2025/11/05 12:01:08,https://dairitenboshu.com/syo/9590,株式会社スリーピース,東京都中央区銀座8-16-5 ６F銀座中央ビル６F,2010年,堤 信弘,広告代理業又は広告業 電気通信業に基づく通信回線利用加入者の募集及び利用権の販売促進に関する業務 飲食店の経営、企画及び経営コンサルティング インターネット等のNetworkシステムを利用した通信販売業 インターネット上のショッピングモールの企画、開設、運用及びそれらのノウハウの提供 インターネットメディア事業 コールセンター業務 上記各号に付帯する一切の事業,900万円,3人
2025/11/05 12:01:08,https://dairitenboshu.com/syo/9591,NEW STANDARD’S株式会社,東京都中央区銀座１－１５－７マック便座ビル２０４,,,,,
2025/11/05 12:01:08,https://dairitenboshu.com/syo/9592,株式会社 池商,新潟県新潟市江南区亀田大月２丁目４６５番地５,2003年,池田 史郎,自転車メーカーとしてMYPLLAS/Tonino Lanborghini/GRAPHISブランドで自転車を製造・輸入・販売 株式会社 池商として自転車の販売の他に・RAMASU/MASAIブランドとして小物家電品の製造・輸入・販売を行っています。また関連会社によるインターネットでの販売を行っています。,1000万円,30人
2025/11/05 12:01:08,https://dairitenboshu.com/syo/9593,一般社団法人 生活支援事業振興会,東京都港区浜松町２－２－１５ダイヤビル２階,1989年,,人、物、場所、空間、なんでもプロデュース 独立・起業から既存事業について幅広く対応できます。 Google&Yahoo! 検索１位 ■事業の考案・企画・構成・実施・実行すべて ■独立・起業・開業について全般の請負 ■フランチャイズ・代理店の相談から実施 ■営業代行・宣伝広告の制作から代行 ■資金・投資・融資についての相談と実施 などなど、、、ビジネスに関することなら何でも！ お気軽にご相談下さい。,,
2025/11/05 12:01:08,https://dairitenboshu.com/syo/9594,株式会社マイソング,東京都渋谷区道玄坂1-12-1渋谷マークシティW22階,2003年,青木 正利,音楽原盤企画・制作 著作権の管理・開発,3000万円,5人
2025/11/05 12:01:09,https://dairitenboshu.com/syo/9595,コンテックジャパン,山口県下関市垢田町1-7-1,2015年,中本浩,LED看板の製作、販売,,
2025/11/05 12:01:09,https://dairitenboshu.com/syo/9596,株式会社ワールドリペア,東京都新宿区天神町66グレースビル神楽坂１Ｆ,2016年,米倉 裕,アルミホイール・木工・革。ボディコーティングの 何でもリペア補修 代理店募集業,500万円,3人
2025/11/05 12:01:09,https://dairitenboshu.com/syo/9597,Future Sky,福岡県福岡市東区箱崎ふ頭３丁目1－15,2015年,,インターネット事業 販売代理店,,
2025/11/05 12:01:09,https://dairitenboshu.com/syo/9598,株式会社エムシースクエア,東京都立川市錦町１丁目２番５号三浦ビル３階,2008年,具志堅満,iPhoneの修理 ソフトウェエア開発,,
2025/11/05 12:01:09,https://dairitenboshu.com/syo/9599,株式会社NONBEE,宮城県仙台市泉区南光台1-46-8,2014年,豊川竜司,定額制レンタルプリンター業 飲食店の経営,,
2025/11/05 12:01:09,https://dairitenboshu.com/syo/9600,株式会社サングリッド,神奈川県川崎市川崎区本町1-8-20陶山ビル402号室,2010年,村上晃敏,情報通信業,210万円,5人
2025/11/05 12:01:09,https://dairitenboshu.com/syo/9601,株式会社Rui-box,福岡県北九州市八幡西区浅川学園台4-1-2 2F,,,水素吸入器ハイドロパワーを企業・店舗様向けに販売しております。 販路拡大のため、九州・四国・中国地方の各県の代理店を募集します。,,
2025/11/05 12:01:09,https://dairitenboshu.com/syo/9602,シュレッダーオフィスサービス株式会社,東京都千代田区平河町1-8-2山京半蔵門パレス803,,浅見慎太郎,シュレッダーの修理／販売等,,
2025/11/05 12:01:09,https://dairitenboshu.com/syo/9603,Witsign株式会社,東京都中央区晴海1-8-10トリトンスクエア オフィスタワーX 23F,2006年,杜 慶捷,個人が利用者であり情報発信者ともなるSNSが急成長した社会環境をタイムリーに捉え、その特性を活かしたコミュニケーションの場を創出。 低コストで効率の良い集客効果を得ることが可能な2種類のサービスを提供しています。 星クーポン：Line・Twitter・Facebook経由で店舗やイベントへ国内客集客 スマートフォンのSNS機能をうまく利用し、柔軟性がある効果より課金の新型クーポン発行システムです。 アイ・トリポン：中国インバウンド客の集客・接客 10億人アクティブユーザーをもつWeChatベースで、中国人観光客向けにPR・集客・接客・決済・コールセンター・越境ECまで、全面的なソリューションです。 在日長い中国人チームメンバー中心で開発したシステムで、効果高い上、日本クライアントが使いやすいシステムです。 初期費用安く、効果より課金する入りやすい価格システムがあります。 600店舗がご利用している実績があるビジネスです。,3000万円,
2025/11/05 12:01:09,https://dairitenboshu.com/syo/9604,株式会社CASK,東京都北区赤羽西4-5-5グランエッグス赤羽105,,,,,
2025/11/05 12:01:09,https://dairitenboshu.com/syo/9605,トリニティコモンズ株式会社,埼玉県上尾市上町１−１−１５市川ビル３FーB,,,,,
2025/11/05 12:01:09,https://dairitenboshu.com/syo/9606,株式会社SPASA,東京都葛飾区新宿5-23-5,1年,中川 真太郎,世界初ノンカフェイン・エナジードリンクのお酒を専売しています。 エナジーアルコールという商標も取得済みです。,,
2025/11/05 12:01:10,https://dairitenboshu.com/syo/9607,キントウンマーケティング株式会社,東京都千代田区丸の内千代田区丸の内一丁目３番４号丸の内テラス4F,2019年,増田 吉信,マンションマーケティング事業 ・NURO通信回線 ・マンション設備 ・24時間安心サポートおとくコンシェルジュ イベントマーケティング事業 ・イベントアウトソーシング セールスパートナー事業 ・飲食店向けデリバリー商材 ・SVOD商材,100万円,158人
2025/11/05 12:01:10,https://dairitenboshu.com/syo/9608,株式会社インデンコンサルティング,京都府京都市中京区三条通烏丸西入ル御倉町85-1KDX烏丸ビル4F,2009年,黒松 高弘,インバウンド総合支援事業 IT・WEBマーケティング事業 システム開発事業 コンサルティング事業,3000万円,134人
2025/11/05 12:01:10,https://dairitenboshu.com/syo/9609,トータルデザインオフィスＡＮＴＥＮ,山口県防府市下右田1,2014年,,個人事業者から中小企業までの事業WEB化コンサルティングサービス ・コンテンツマーケティング支援 ・WEBマーケティング全般 ・デザイン事業,,
2025/11/05 12:01:10,https://dairitenboshu.com/syo/9610,株式会社CASK,東京都北区赤羽西4-5-5グランエッグス赤羽105,,,,,
2025/11/05 12:01:10,https://dairitenboshu.com/syo/9611,.,福岡県福岡市南区大橋1-24-14ラルジュ大橋402,,松里明彦,現在12ヶ国に進出しており日本は13ヶ国目 ■ビジネスプラン・アイデア 世界最大級Eコマース事業キャッシュバック型ビジネスモデルのご提案です。 この度は、一緒にご協力いただけるパートナーを募集いたします。 10月から日本語対応予定のポータブルサイト 日本の加盟店は9月現在でも超優良企業が800社以上 世界全体で13000社以上 世界の一流メーカーや有名ストア、そして人気の小売店などたくさんの加盟店のネットショップでいつものようにお買い物して、更になんと！すべてのお買い物からキャッシュバックが受けられるという今までにない革新的で夢のようなキャッシュバック付きオンラインショッピングサイトです。 さらに！ 有名旅行会社や有名ホテル予約会社などトラベル関連サイトにおいてもホテル、レンタカー、航空券などのお得情報やそれらを利用するとすべてにキャッシュバックがあります。 これまでは、ポイントの還元が平均1～3%程度でしたが、現金キャッシュバックで平均10%、最大30%の還元率です。 ユーザーは、これまでの常識を超え格段に高いメリットを受けられます。 この仕組みを利用したビジネスモデルの提案をします。 大きく分けて3つの報酬プランがあります。 1.アフィリエイト 2.法人営業 3.代理店募集 得意分野だけを取り入れてやっていただいても構いません。 マーケットは全世界の全人口が対象になります。 スケールは大きいですが、やる事は難しくありません。,,
2025/11/05 12:01:11,https://dairitenboshu.com/syo/9612,合同会社PAYCREW,東京都千代田区,2013年,,,,
2025/11/05 12:01:10,https://dairitenboshu.com/syo/9613,ベストウェイ,兵庫県明石市小久保3-3-13,2008年,阪田稔,スマホ用ホームページ制作 婚活塾,,
2025/11/05 12:01:10,https://dairitenboshu.com/syo/9614,株式会社Rui-box,福岡県北九州市八幡西区浅川学園台4-1-2 2F,,,水素吸入器ハイドロパワーを企業・店舗様向けに販売しております。 販路拡大のため、九州・四国・中国地方の各県の代理店を募集します。,,
2025/11/05 12:01:10,https://dairitenboshu.com/syo/9615,コラボル・ジャパン合同会社,東京都中野区新井1-2-9-1535,2016年,,,,
2025/11/05 12:01:10,https://dairitenboshu.com/syo/9616,合同会社ライゼスト,千葉県柏市柏6-4-24柏ビル5Ｆ,2015年,,総合代理店業務,100万円,
2025/11/05 12:01:10,https://dairitenboshu.com/syo/9617,小牧ｈａｐｐｙ ｌｉｆｅ,愛知県小牧市山北町４８ｈａｐｐｙ ｌｉｆｅ,2016年,村瀬 久美子,奇跡の野菜マルンガイリーフの製造卸,,２人
2025/11/05 12:01:11,https://dairitenboshu.com/syo/9618,インディビック,愛知県名古屋市中区新栄1-3-2エムテック東新町ビル5F,,,iPhoneリペア事業,,
2025/11/05 12:01:10,https://dairitenboshu.com/syo/9619,株式会社クラウドサービス,東京都町田市原町田1-13-1,2011年,佃政幸,ホームページ・ネットショップの企画、制作、集客、保守業務 ＩＴに関するコンサルタント業務 ＷＥＢ広告（リスティング広告、SEO対策等）のサポート業務 クラウドコンピューティング（ＡＳＰ、ＳａａＳ）のサポート業務 レンタルサーバーのサポート業務 システム・ハードウェア・ソフトウェアのサポート業務 インターネットを活用した販売代行業務 ポータルサイトの運営業務,500万円,10人
2025/11/05 12:01:11,https://dairitenboshu.com/syo/9620,株式会社iREAF,千葉県船橋市前原西1-23-5リニエージ泰和5F,2014年,井上泰伸,Googleストリートビュー公式認定パートナーとして、 全国に営業活動を行っております。,1000万円,30人
2025/11/05 12:01:11,https://dairitenboshu.com/syo/9621,FTエナジー株式会社,東京都千代田区麹町二丁目2番22号ＡＣＮ半蔵門ビル10階,2016年,恩田英久,電力小売事業（小売電気事業者 登録番号A0347） 再生可能エネルギー発電設備の販売事業 省エネ商材の販売事業,16000万円,11人
2025/11/05 12:01:11,https://dairitenboshu.com/syo/9622,株式会社キュボス,東京都豊島区巣鴨1－11－5ザスカイタワー7F,,,,,
2025/11/05 12:01:11,https://dairitenboshu.com/syo/9623,株式会社 アスク,神奈川県横浜市青葉区美しが丘1-5-2 エクセル910ビル,1986年,田中 清,会員制の社会人サークル ※イベントの企画・運営 ※結婚情報サービス,1000万円,8人
2025/11/05 12:01:11,https://dairitenboshu.com/syo/9626,株式会社オーガニック,新潟県佐渡市市野沢138,2016年,折田しおり,清涼飲料水の 販売 及び 生産 医療器機の 販売 レンタル,300万円,20人
2025/11/05 12:01:11,https://dairitenboshu.com/syo/9627,株式会社アクアノエル,東京都千代田区神田北乗物町18神田東栄ビル3F,,,,,
2025/11/05 12:01:11,https://dairitenboshu.com/syo/9628,グローリージェイピー,東京都北青山 2-7-20猪瀬ビル2F,,,Web制作事業(デザイン・コーディング・CMS組み込み) ネット広告事業(SEO・MEO・リスティング) 風評被害対策事業 システム開発事業(予約システム・CMSカスタマイズ・ECサイト) アプリ開発事業,,
2025/11/05 12:01:11,https://dairitenboshu.com/syo/9629,有限会社アーベインクルー,東京都世田谷区豪徳寺一丁目20番7号,1995年,,1) 総合経営コンサルティング 2) 各種企業研修 3) 講演事業等マネジメント及びシナリオプランニングに関するワークショップの展開 4) 個人の潜在能力調査等アビリティアセスメントの実施 5) 企業組織風土変革コンサルティング,,
2025/11/05 12:01:11,https://dairitenboshu.com/syo/9630,株式会社Rui-box,福岡県北九州市八幡西区浅川学園台4-1-2 2F,,,水素吸入器ハイドロパワーを企業・店舗様向けに販売しております。 販路拡大のため、九州・四国・中国地方の各県の代理店を募集します。,,
2025/11/05 12:01:12,https://dairitenboshu.com/syo/9631,株式会社エス・ケイ通信,東京都新宿区西新宿4丁目15-3 住友不動産西新宿ビル3号館3階(受付)・4階,2000年,廣瀨勝司,WEBマーケティング事業 O2O事業 モバイルソリューション事業,3000万円,200人
2025/11/05 12:01:11,https://dairitenboshu.com/syo/9632,株式会社エス・ケイ通信,東京都新宿区西新宿4丁目15-3 住友不動産西新宿ビル3号館3階(受付)・4階,2000年,廣瀨勝司,WEBマーケティング事業 O2O事業 モバイルソリューション事業,3000万円,200人
2025/11/05 12:01:12,https://dairitenboshu.com/syo/9633,ウラカタ事務局,東京都大田区池上2-13-1,2016年,祝井理恵子,【事業内容】 ・タレントキャスティング ・SNSアカウント運用 ・インフルエンサーマーケティング ・アフィリエイト ・ウェブ広告運用 ・タオバオ出品代行 ・wechat weiboアカウント運用 ・ウェブ制作,300万円,4人
2025/11/05 12:01:12,https://dairitenboshu.com/syo/9634,株式会社ライチェ,大阪府大阪市中央区徳井町2-4-14,2008年,,,,
2025/11/05 12:01:12,https://dairitenboshu.com/syo/9635,株式会社ライトノット,東京都国立市西2-19-6第4村上ビル341,,,,,
2025/11/05 12:01:12,https://dairitenboshu.com/syo/9636,有限会社ビジネス・クリエーション・サービス,滋賀県野洲市小篠原 (登記住所),1997年,植出良一,クレジットサービスの開発 1994年 クレジットカードの10%キャッシュバックサービスを開始 1997年 クレジットの共通ポイントシステム 2001年 バーコードを使った携帯電話サービスを開始 2009年 特許 会員管理システムおよび方法,300万円,1 関連会社除く人
2025/11/05 12:01:12,https://dairitenboshu.com/syo/9638,株式会社ビットチューブ,兵庫県西宮市南昭和町9-14 1F,2016年,横山琢人,弊社はフィンテック関連事業を行うベンチャー企業です。 仮想通貨をやり取りすることができる次世代SNSサービスを開発して、現在、来年公開予定の新規サービス、「BIT-TUBE（ライブ映像配信システム）」の事前ユーザーを募集中です。 BIT-TUBEとは、リアルタイムで視聴者から配信者へ仮想通貨を送ることができる斬新なシステムであり、コミュニケーションの場において、多種多様な使い方が想定される大変ユニークなSNSアプリです。 また、ユーザーに事前登録をおすすめするため、BTU（ビットチューブコイン）をお得な料金にてプレセールしており、投資案件としても大変魅力のあるサービスとしてご紹介しています。,500万円,10人
2025/11/05 12:01:12,https://dairitenboshu.com/syo/9639,株式会社花鳥風月,東京都千代田区神田岩本町1-1岩本町ビル71号室,2015年,,秋葉原やカルチャーをメインとしたフリーペーパーやイベント企画会社です。 100ページを超えるフリーペーパーと約100件の秋葉原のクライアント、メイドさんやアイドル・レイヤーを使用したSNS連動取材がうりです。,,
2025/11/05 12:01:12,https://dairitenboshu.com/syo/9640,合同会社ＳＤＣ,東京都品川区南大井3-16-1-9F,2016年,佐藤健次,求人広告代理業,,
2025/11/05 12:01:12,https://dairitenboshu.com/syo/9641,株式会社シマジュー,栃木県小山市天神町パークマンション天神106号,2015年,島尻則章,太陽光発電・蓄電池・リフォーム等の販売施工,99万円,３人
2025/11/05 12:01:12,https://dairitenboshu.com/syo/9642,ライド株式会社,東京都千代田区一番町5番地アトラスビル3階,2004年,橋爪 英仁,ホスティング事業／レンタルサーバー、独自ドメインの運営管理 プロバイダ事業／インターネットへの接続サービスの提供 情報セキュリティ事業／SSL証明書の提供 クラウドサービス事業／クラウドサービスの提供 サポート事業／インターネットサービスの電話サポート業務,5000万円,
2025/11/05 12:01:12,https://dairitenboshu.com/syo/9643,株式会社イー・ビジョン,東京都新宿区新宿5-17-17渡菱ビル６F,2000年,酒谷信佳,WEBサービスの企画・開発・販売,,
2025/11/05 12:01:12,https://dairitenboshu.com/syo/9644,株式会社エリアネットワーク東海,静岡県沼津市高島町4-15江藤ビル2Ｆ,2014年,村松 恭昌,電力コンサルティング 通信回線,100万円,6人
2025/11/05 12:01:13,https://dairitenboshu.com/syo/9645,株式会社キャリアアシストシステムズ,大阪府大阪市中央区谷町3-4-5中央谷町ビル506,2015年,中庭英雄,助成金コンサルティング 労務コンサルティング 有料職業紹介事業 企業研修事業,800万円,10人
2025/11/05 12:01:12,https://dairitenboshu.com/syo/9646,株式会社ワトスファクトリー,栃木県宇都宮市上籠谷町1356-5,2016年,田子森実,他に類を見ないレザーワックスの販売です。今なら地域独占にて代理店として募集致しております。,300万円,3人
2025/11/05 12:01:13,https://dairitenboshu.com/syo/9647,MITOI-ミトイ-（今後法人化予定）,埼玉県さいたま市中央区大戸5-6-12アーデルミーツ101号室,,,,,
2025/11/05 12:01:13,https://dairitenboshu.com/syo/9648,株式会社DISCOM（ツールパワー）,大阪府大阪市此花区梅香1-14-3,,,自動車・産業機械工具の輸出入、卸売、販売業,,
2025/11/05 12:01:13,https://dairitenboshu.com/syo/9649,合同会社ベリプロエンターテイメント,大阪府大阪市北区梅田１丁目１１番４号大阪駅前第四ビル９階２３－１１４１号,,,イベント企画／携帯電話販売／少額短期保険募集に係わる業務,,
2025/11/05 12:01:13,https://dairitenboshu.com/syo/9650,株式会社インフィニティグリーン,東京都港区南麻布3－20－1グリーンテラス５Ｆ,2013年,,"造園環境事業「エンシン」東京・湘南・埼玉の運営 http://ensyn.jp 特殊ネット生花卸「スターフラワー」の運営 http://starflower.jp グリーン外構事業「ガーデンシン」の運営 http://gardensyn.com 芝刈りロボットの販売, 建設土木系機械、重機類の買い取り、海外リユース 他",500万円,
2025/11/05 12:01:13,https://dairitenboshu.com/syo/9651,合同会社LB COMMERCE,滋賀県栗東市上鈎69‐2Elvita Casa 2階,,冷水智重,お客様に提供するマーケティングコンテンツはGoogleの公式認定資格を保有するスペシャリスト、及び熟練した技術を持ったスタッフが制作・運用していきます。お客様のサービスをお客様自身が一番に理解しているように、私たちはオンラインサービスを熟知し、お客様の明日に加速とイノベーション、そして最高のプラットフォームの提供を使命としています。,,
2025/11/05 12:01:13,https://dairitenboshu.com/syo/9652,株式会社HumanInvestment,東京都渋谷区東1-22-11渋谷三信ビル5階,2010年,板垣瑞樹,Softbank1次店 Softbank光、Softbankモバイルの販売 So-net1次店 携帯ショップスタッフ派遣業務 Softbank、So-net、au各種業務委託案件,2500万円,140人
2025/11/05 12:01:13,https://dairitenboshu.com/syo/9653,九州情報サービス株式会社,熊本県熊本市東区神園２－１－１新星ビル ２Ｆ,1995年,松永哲朗,ソフトウエアの開発、電子機器・各種ＯＡ機器の販売、インターネット関連ソフトウエアの開発、新規・成長分野事業認定事業所 派４３－３００２１４,2030万円,30人
2025/11/05 12:01:13,https://dairitenboshu.com/syo/9654,フォントスタイル株式会社,愛知県名古屋市中区新栄２丁目１番４号アソルティ新栄１１階B号室,2012年,山岸春光,【イージーオーダースーツ事業部】 ・メンズイージーオーダースーツの販売 ・フルオーダーシャツ、ネクタイの販売 ・靴など各種関連小物の販売 ・メンズイージーオーダースーツ販売代理店の募集 【美容教育事業部】 ・ヘアメイク、パーソナルカラー施術・診断 ・ヘアメイク、パーソナルカラー検定対策・企業研修 ・AFLOAT Beauty School 名古屋校 非常勤講師 ・プラベート美容室「アンジェル」にて一般美容業務,,6人
2025/11/05 12:01:13,https://dairitenboshu.com/syo/9655,株式会社ベーシック,東京都港区浜松町２－２－１５ダイヤビル２階,1989年,,人、物、場所、空間、なんでもプロデュース Google&Yahoo! 検索１位 独立・起業から既存事業について幅広く対応できます。 ■事業の考案・企画・構成・実施・実行すべて ■独立・起業・開業について全般の請負 ■フランチャイズ・代理店の相談から実施 ■営業代行・宣伝広告の制作から代行 ■資金・投資・融資についての相談と実施 などなど、、、ビジネスに関することなら何でも！,,
2025/11/05 12:01:13,https://dairitenboshu.com/syo/9657,株式会社ベーシック,東京都港区浜松町２－２－１５ダイヤビル２階,1989年,,人、物、場所、空間、なんでもプロデュース Google&Yahoo! 検索１位 独立・起業から既存事業について幅広く対応できます。 ■事業の考案・企画・構成・実施・実行すべて ■独立・起業・開業について全般の請負 ■フランチャイズ・代理店の相談から実施 ■営業代行・宣伝広告の制作から代行 ■資金・投資・融資についての相談と実施 などなど、、、ビジネスに関することなら何でも！,,
2025/11/05 12:01:13,https://dairitenboshu.com/syo/9658,ルーセントワークス合同会社,神奈川県横浜市中区竹之丸194,1年,堀元宏昭,うなぎの蒲焼通販サイト運営,100万円,３人
2025/11/05 12:01:13,https://dairitenboshu.com/syo/9659,株式会社フルサポートグループ,鹿児島県鹿児島市樋之口町３番２１号ウエストパーク1F,2009年,内田 幸太,WEB事業 保育支援事業 療育支援事業 FC支援事業,300万円,
2025/11/05 12:01:13,https://dairitenboshu.com/syo/9660,株式会社泉美,東京都世田谷区深沢８ー１９−１２,1967年,山田 有孝,,,
2025/11/05 12:01:14,https://dairitenboshu.com/syo/9661,株式会社 池商,新潟県新潟市江南区亀田大月２丁目４６５番地５,2003年,池田 史郎,自転車メーカーとしてMYPLLAS/Tonino Lanborghini/GRAPHISブランドで自転車を製造・輸入・販売 株式会社 池商として自転車の販売の他に・RAMASU/MASAIブランドとして小物家電品の製造・輸入・販売を行っています。また関連会社によるインターネットでの販売を行っています。,1000万円,30人
2025/11/05 12:01:14,https://dairitenboshu.com/syo/9663,KSKパートナーズ株式会社,東京都渋谷区桜丘町21-7ライブリー2F,2010年,島田洋介,求人広告、WEB広告、雑誌広告、TV、ラジオCM等の広告からセールスプロモーションまで多岐に渡る広告の取り扱いがございます。 またWEB制作、アプリ制作、システム開発等の案件も多数取り扱っております。,400万円,8人
2025/11/05 12:01:14,https://dairitenboshu.com/syo/9664,株式会社アクティブ,東京都足,2011年,前川 英輝,屋内外看板業及び広告代理店業 ベンダー事業 （飲料自販機設置、1000円ガチャ自販機設置） ラッピング事業（各種自販機、給茶機、券売機etc） OA機器事業 （レンタル複合機）,300万円,18人
2025/11/05 12:01:14,https://dairitenboshu.com/syo/9665,グローバルドメインゲート,東京都港区南青山2-2-15,,,法人アフィリエイトビジネス支援 個人法人アパレル仕入支援,,
2025/11/05 12:01:14,https://dairitenboshu.com/syo/9666,合同会社竜商,東京都昭島市郷地町2-38-23,2016年,新村昌一,販売代理店業,100万円,1人
2025/11/05 12:01:14,https://dairitenboshu.com/syo/9667,株式会社ビーケーオー,宮崎県都城市蔵原町5街区22の2号,2014年,西山政治,,300万円,
2025/11/05 12:01:14,https://dairitenboshu.com/syo/9668,KCREATION,大阪府大阪市旭区新森3-5-2ファースト新森504,2016年,,,,
2025/11/05 12:01:15,https://dairitenboshu.com/syo/9669,E-spacio LLC,東京都港区南青山2-11-13南青山ビル４F,2008年,大里孝文,モデル事務所 イベント企画運営,,
2025/11/05 12:01:15,https://dairitenboshu.com/syo/9670,株式会社 スペックプラント,埼玉県加須市向古河６７０,2010年,高橋健二,,300万円,2人
2025/11/05 12:01:15,https://dairitenboshu.com/syo/9671,株式会社welico,東京都目黒区目黒1丁目23番地18号フラッツ目黒101,2016年,,,,
2025/11/05 12:01:15,https://dairitenboshu.com/syo/9672,ダイゴフーズ,宮崎県宮崎市小戸町111,,,,,
2025/11/05 12:01:15,https://dairitenboshu.com/syo/9673,株式会社ヒロセラピ,福岡県北九州市八幡西区相生町14-11NBビル1F,,,,,
2025/11/05 12:01:15,https://dairitenboshu.com/syo/9674,シナジープラットフォーム・ジャパン株式会社,愛知県名古屋市中村区名駅2-45-14東新名駅ビル4階,2016年,林征輝,Googleストリートビュー事業 VR事業 WEB制作,"1,000万円",100人
2025/11/05 12:01:15,https://dairitenboshu.com/syo/9675,株式会社スリーコール,東京都杉並区杉並区方南1丁目,,,,,
2025/11/05 12:01:15,https://dairitenboshu.com/syo/9676,株式会社ＨＲＲｅｖｏｌｕｔｉｏｎ,岡山県倉敷市真備町辻田８１４－５,,,,,
2025/11/05 12:01:15,https://dairitenboshu.com/syo/9677,有限会社ビジネス・クリエーション・サービス,滋賀県野洲市小篠原 (登記住所),1997年,植出良一,クレジットサービスの開発 1994年 クレジットカードの10%キャッシュバックサービスを開始 1997年 クレジットの共通ポイントシステム 2001年 バーコードを使った携帯電話サービスを開始 2009年 特許 会員管理システムおよび方法,300万円,1 関連会社除く人
2025/11/05 12:01:15,https://dairitenboshu.com/syo/9678,株式会社ティーン,東京都目黒区下目黒2丁目3番4Futaba目黒ビル,,,音楽、映像、コンテンツの企画、制作、販売 アーティスト、タレントのマネジメント コンサート、ライブ、イベント企画、制作 音楽スタジオの運営,,
2025/11/05 12:01:15,https://dairitenboshu.com/syo/9679,株式会社サンエスオプテック.,東京都中央区銀座8-19-3銀座竹葉亭ビル7F,2007年,伴 貴雅,LED照明アプラシリーズの製造及び販売 風力・太陽光・発電・省エネ関連商品の企画、開発及び製品の販売製品の海外輸出 省エネ関連商材の電気工事一式（東京都電気工事業者 第264661号） 営業支援事業,9450万円,
2025/11/05 12:01:16,https://dairitenboshu.com/syo/9680,株式会社オフィスグローヴ,東京都千代田区一ツ橋2-4-4岩波書店一ツ橋別館5F,2001年,四宮 久視子,人材派遣業 営業支援業務請負,5550万円,18人
2025/11/05 12:01:16,https://dairitenboshu.com/syo/9681,合同会社エイ・アンド・エイ,奈良県香芝市真美ケ丘６丁目9-32-501,10年,川瀬英作,取扱業務：企業研修（改正労働安全衛生法に基づくストレスチェック制度の実施者・メンタル・人事採用者研修・人事考課者研修・モチベーション・マナー等）・ジョブカード作成業務・個人向けカウンセリング・新卒就職支援・ニート引きこもり支援・精神障がい者支援など。 １．キャリアカウンセリング ２．心理カウンセリング ３．就職支援 ４．求人支援 ５．従業員社員教育業務 ６．学校内教育業務 ７．イベント企画 ８．個人スキルの教育・養成 ９．公共施設等の運営・維持・管理 １０．障がい者の日常生活及び社会生活を総合的に支援するための法律に基づく 障がい福祉サービス事業 １１．不動産・建物の管理並びにコンサルティング １２．前各号に附帯する一切の事業,500万円,1人
2025/11/05 12:01:16,https://dairitenboshu.com/syo/9683,ＮＰＯ二十四の瞳,神奈川県横浜市中区桜木町1-1-7 TOCみなとみらい10F,2006年,山崎宏,（１）シニア向け年中無休電話相談サービス「お困りごとホットライン」 医療・福祉・法律・お金等のプロフェッショナルとの連携のもと、コミュニケーションスキルを習得した医療福祉専門職が、24時間365日体制で電話相談に応ずる。必要に応じ、オンサイトサポートにも対応する。 （２）シニア向け啓発イベント「敬老義塾」＆「生涯青春劇場」 病医院・介護施設・公民館等にて、老い支度学習とエンターテイメントを企画運営。 （３）シニア向け老い支度カウンセリング「プライベートサミット」 円滑なエンディングに向けた問題解決とプラン策定の支援。 （４）医療福祉専門職および公務員の人材育成支援「ドラマティックシアター」 ビジネスパーソンに求められる意識・知識・技術を指導する各種研修の請け負い。 （５）終のすみかに係るサービス実態調査 メディアとの協働で、有料老人ホーム＆サービス付き高齢者向け住宅の覆面調査と、それに基づく情報配信。 （６）終のすみかのプロデュース サービス付き高齢者向け住宅（アクティブシニアモデル）の企画・開発・運営,,12人
2025/11/05 12:01:16,https://dairitenboshu.com/syo/9684,株式会社セレーネ,香川県高松市香川町川東上１１６番地１1,1989年,中村 照彦,香川県の資産、希少糖を活用した世界初化粧品の販売。 希少糖純品 【Ⅾ-アルロース＝Ｄ-プシコース】 皮膚に対する生理機能があることを発見する 平成２８年８月 国際特許出願中 発明の名称 Ｄ－プシコースを有効成分とする皮膚機能改善組成物（皮膚保湿剤、皮膚抗酸化剤、皮膚抗老化剤であることを特徴とする組物） Ⅳ型コラーゲン・エラスチン繊維の増加がみられた。 出願人 株式会社セレーネ・株式会社レアスウィート・国立大学法人香川大学 商品名 D-アルロースエッセンス〈美容液〉100ｍl「使用回数」 1回約0.3ml (約大豆粒) 約３００回（５ヵ月使用可能 ） 【特長】 弾力・シワ・キメ・ツヤ 塗布後から皮膚表面の被膜をつくり外部からの刺激を防ぎ皮膚内部の保湿を保護します。 マイナス１２歳肌に・・・ 化粧品構成する有効成分を独自高配合「トリプル保湿+ナノ処方」,1000万円,3人
2025/11/05 12:01:16,https://dairitenboshu.com/syo/9685,秀工房サカイベース,大阪府堺市中区深井中町361-3,2年,東 秀明,耐震基準を満たしていない全国の木造住宅が７５０万戸あります。その住宅検査に今まで人が入って点検検査していた作業を遠隔操作ロボットを使用する事で作業性とコスト削減が可能です。当店は大手製作の数百万するロボットよりコスト削減で実現した簡易がた住宅点検ロボット製作しました。更にモニターに写る利便性を追求して昨今ブームのVRカメラを様々な用途で使える（現在はミニチュア模型のみ）カメラキットを住宅点検ロボットと共に販売していただく代理店を募集します。,300万円,2人
2025/11/05 12:01:16,https://dairitenboshu.com/syo/9686,合同会社Aill,北海道札幌市中央区北２条東３丁目２番地マルタビル札幌６F,2014年,藤田健児,Googleストリートビュー認定代理店 VR制作事業 AR制作事業,100万円,4人
2025/11/05 12:01:16,https://dairitenboshu.com/syo/9687,株式会社ミスト,長野県長野市豊野町豊野１２００－１５,,,,,
2025/11/05 12:01:16,https://dairitenboshu.com/syo/9688,合同会社エンジョカイ,静岡県沼津市上土町５２AIビル６F,2016年,,・塗装コーディネートシステム代理店事業「塗装安心サービス」 ・営業コンサルタント ・E-コマース及び通信販売,200万円,
2025/11/05 12:01:16,https://dairitenboshu.com/syo/9689,株式会社Being Next,東京都足立区保木間1-18-10-1F,2012年,齋藤 亨,,５００万円,
2025/11/05 12:01:16,https://dairitenboshu.com/syo/9690,マインドフル・コンサルティング,東京都大田区中馬込１－１１－１６,2016年,森野健太郎,■米国のグローバル・コンサルティング会社のビジネスパートナーです。Ｍ＆Ａ、オーナーチェンジを中心としたグローバル・ビジネスのコンサルティングを行っています。 ■グローバルビジネス、投資顧問、資産運用、M&amp;A、IPO、事業企画開発、運営管理など総合的なコンサルティングを主体に、世界規模の投資ファンド、投資家グループの窓口とプロジェクトマネジメントを行っています。 ​■世界各国の機関投資家、投資ファンド、不動産投資オーナー、次世代テクノロジー投資グループに対応するM&amp;A、投資顧問、アセットマネジメント、コンサルティングなどを目的とする国際的なコンサルティングファームです。グローバルなプロジェクトマネジメントとコンサルティングサービスを迅速に提供し、各分野のプロフェッショナルコンサルタントでビジネススキームを構築、運営されています。,,2人
2025/11/05 12:01:16,https://dairitenboshu.com/syo/9691,株式会社ドリームプロジェクトエム,三重県鈴鹿市住吉3-6-5,2014年,森敏博,特許、実用新案取得済み オンリーワン 災害時使用可能、健康維持が出来るミネラルサーバーの販売 代理店募集,1000万円,10人
2025/11/05 12:01:17,https://dairitenboshu.com/syo/9692,株式会社オフィスグローヴ,東京都千代田区神田神保町2-7-3神保町NKビル7階,2001年,四宮 久視子,業務請負業 通信関連に特化しています。,5550万円,
2025/11/05 12:01:16,https://dairitenboshu.com/syo/9693,リビングフルインコーポレーテッド株式会社,東京都渋谷区桜丘町22-19JAMビル301,,,インターネットメディア,,
2025/11/05 12:01:17,https://dairitenboshu.com/syo/9694,株式会社オフィスグローヴ,東京都千代田区神田神保町2-7-3神保町NKビル7階,2001年,四宮 久視子,業務請負業 通信関連に特化しています。,5550万円,
2025/11/05 12:01:17,https://dairitenboshu.com/syo/9695,株式会社 末広システム,東京都中央区日本橋本町４－９－１三勝ビル,28年,阿部 雅之,・システム開発 ・スマホアプリ開発,1000万円,38人
2025/11/05 12:01:17,https://dairitenboshu.com/syo/9696,株式会社美意識,東京都港区六本木２－３－７ー１４０５,,,美容商品の企画コンサルティング エステ研修、予約サイト運営,700万円,3人
2025/11/05 12:01:17,https://dairitenboshu.com/syo/9697,(有)スタジオ因果横暴,東京都江戸川区東葛西2-3-18柴ビル202,,,新規事業として、ホテル向けの電子書籍読み放題サービスを開始しています。,,
2025/11/05 12:01:17,https://dairitenboshu.com/syo/9700,一般社団法人S.I.Net会,東京都千代田区九段北4-3-16サンライン第１４ビル４階,2014年,松尾 信弘,災害時における民間ヘリコプターによる救援活動業務 航空機運送事業並びに航空機使用事業の仲介又は代理店業務 賃料保証業務 航空機の売買及び賃貸業務,,15人
2025/11/05 12:01:17,https://dairitenboshu.com/syo/9701,株式会社タックエース,千葉県柏市青葉台2-21-16,2014年,岡田 琢,映像コンテンツ制作・企画・運営 デジタルサイネージ販売 360°写真撮影 Googleストリートビュー認定フォトグラファー,300万円,7人
2025/11/05 12:01:18,https://dairitenboshu.com/syo/9702,さくら探偵事務所,東京都港区浜松町2-2-15浜松町ダイヤビル2F,,,,,
2025/11/05 12:01:17,https://dairitenboshu.com/syo/9704,ＤＪＢサポート株式会社,東京都中野区丸山2-22-1ガーデニア野方2F,2004年,川原勤,・塗装、葺替え、リフォーム等の建築工事全般請負 ・保険請求のサポート ・古物（貴金属）等の買取、販売,4000万円,5人
2025/11/05 12:01:17,https://dairitenboshu.com/syo/9705,静岡濾布有限会社,静岡県浜松市西区村櫛町３２９４,1956年,松下満彦,浴用和紙タオルの製造販売,510万円,5人
2025/11/05 12:01:17,https://dairitenboshu.com/syo/9708,株式会社 メディケアコミュニケーションズ,宮崎県北諸県郡三股町大字樺山2026-3,,,店内やモデルルームなどの360度パノラマツアーの作成。,,
2025/11/05 12:01:18,https://dairitenboshu.com/syo/9709,株式会社Ｅｎｔｅｒｅｓｔ,愛知県名古屋市中村区名駅南1-28-26愛知県名古屋市中村区名駅南1-28-26 宇徳ビル5F,2016年,近藤正則,通信コンサルティング事業 人財コンサルティング事業 営業効率化コンサルティング事業 アカウントセールス事業,300万円,30人
2025/11/05 12:01:18,https://dairitenboshu.com/syo/9710,Witsign株式会社,東京都中央区晴海1-8-10トリトンスクエア オフィスタワーX 23F,2006年,杜 慶捷,個人が利用者であり情報発信者ともなるSNSが急成長した社会環境をタイムリーに捉え、その特性を活かしたコミュニケーションの場を創出。 低コストで効率の良い集客効果を得ることが可能な2種類のサービスを提供しています。 星クーポン：Line・Twitter・Facebook経由で店舗やイベントへ国内客集客 スマートフォンのSNS機能をうまく利用し、柔軟性がある効果より課金の新型クーポン発行システムです。 アイ・トリポン：中国インバウンド客の集客・接客 10億人アクティブユーザーをもつWeChatベースで、中国人観光客向けにPR・集客・接客・決済・コールセンター・越境ECまで、全面的なソリューションです。 在日長い中国人チームメンバー中心で開発したシステムで、効果高い上、日本クライアントが使いやすいシステムです。 初期費用安く、効果より課金する入りやすい価格システムがあります。 600店舗がご利用している実績があるビジネスです。,3000万円,
2025/11/05 12:01:18,https://dairitenboshu.com/syo/9711,株式会社R Beauty Club,大阪府大阪市中央区道修町3-3-8-703,2016年,沢矢麗衣,◼化粧品の卸売・小売・OEM ◼健康食品の卸売・小売・OEM ◼催事・イベントの企画運営,1000万円,3人
2025/11/05 12:01:18,https://dairitenboshu.com/syo/9712,株式会社iREAF,千葉県船橋市前原西1-23-5リニエージ泰和5F,2014年,井上泰伸,Googleストリートビュー公式認定パートナーとして、 全国に営業活動を行っております。,1000万円,30人
2025/11/05 12:01:18,https://dairitenboshu.com/syo/9714,株式会社１０８,大阪府大阪市西区新町3-3-8ガリレイ新町405,2016年,,"生活の全てが無料になるかもしれない不思議なAIアプリ！ たったの５分で即契約！(実証済み)かなりの自信商材です。 誰でもガンガン契約が取れる、複雑な説明一切不要の早い者勝ちの商材！ 書ききれないほど強力なバックアップ体制が整っていますので誰でも無理なく営業できます。 ※ ５分程度の説明で契約が取れる仕組みを構築するまで大変な苦労がありました。 是非、多くの方のご支援お待ちしております。 ●商材内容 飲食、美容、物販、鍼灸・医療、車に不動産までユーザーは「無料」になるかもしれない全く新しい不思議なアプリです。詳細は書ききれないほど、魅力ある商材ですのでサンプルモックをご覧いただきご判断ください。国内ユーザー1500万人達成まで、あっという間の企画！マーケティングや広報のプロたちが、世間を驚かせるプロモーションでユーザーを獲得する自信ある商材です！更なる詳細は、守秘義務を伴いますので面談時に深くご説明致します。この場に於ましては、何卒ご容赦くださいますようお願い申し上げます。 【顧客メリット】 人工知能が、人件費抑制と新規顧客獲得の確実性を大幅にUPさせ、周辺地域の活性に貢献します。初期導入費月額たった1万円(限定数あり)という低コストでご利用いただけます。 【市場性】 昨今話題のAIとICTとO2O Mediaを組み合わせた稀に見るAppは、市場をほぼ独占出来ると言っても過言ではありません。すっかり落ち着いてしまったApp業界に革命をもたらすであろう企画です。対象クライアント数1700万軒！ 【優位性】 他にはない企画と、どこよりも早い市場投入のAIシステムでクライアントを独占できる企画です。また、１回の営業で面倒なアフターフォローも必要ありません。 【初期費用】 代理店登録費 ¥30,000～ ※テストアプリ、代理店コード発行代金含む 【報酬】 報酬は契約数に応じお支払い。破格の待遇にて他で記載されている例などは記載致しません。 営業報酬ストック型で安定収入！獲得した顧客から毎月決められたパーセンテージに基づき、顧客との契約が継続する限りお支払い致します。 ※ 法人と個人関係なくご応募いただけますが、報酬形態は変わります。詳しくは面談時にご説明致します。",,
2025/11/05 12:01:18,https://dairitenboshu.com/syo/9715,合同会社ベリプロエンターテイメント,大阪府大阪市北区梅田１丁目１１番４号大阪駅前第四ビル９階２３－１１４１号,,,イベント企画／携帯電話販売／少額短期保険募集に係わる業務,,
2025/11/05 12:01:18,https://dairitenboshu.com/syo/9716,ＫＣＲＥＡＴＩＯＮ,大阪府大阪市中央区東心斎橋2-8-32MASQUERADE内2F,2016年,秋山 甲一朗,実店舗運営 ▶iPhone修理・買取・販売・ガラスコーティング施工店舗 「アイリペア心斎橋本店」運営 資材卸・機体卸・その他商品卸 ▶スマートフォン修理用資材販売卸 ▶iPhone中古機体販売卸 ▶Android新品機体販売卸 ▶Android中古機体販売卸 ▶スマートフォンアクセサリー販売卸 技術講習 ▶iPhone修理技術講習 ▶iPhone買取・販売研修 ▶ガラスコーティング施工技術講習 ▶パワーストーンブレスレット作成技術講習 ▶耳つぼジュエリー施術技術講習 ▶アロママッサージ（全身各所）施術技術講習 通信回線販売研修 ▶SoftBank取扱い研修 ▶Xmobile取扱い研修 事業開業・運営サポート ▶開業資金調達サポート（公庫・銀行） ▶助成金・補助金申請補助 ▶店舗黒字運営スキーム ▶各種広告デザイン作成 ▶各種写真撮影 ▶Googleシステム導入スキーム,888万円,6人
2025/11/05 12:01:18,https://dairitenboshu.com/syo/9720,JITホールディングス株式会社,東京都-,,,,,
2025/11/05 12:01:18,https://dairitenboshu.com/syo/9722,助成金ジャパン (株)但馬屋,福岡県福岡市博多区博多駅東1丁目12-17オフィースニューガイア3F BASES内,,両角福弘,,,
2025/11/05 12:01:18,https://dairitenboshu.com/syo/9723,株式会社ユニティー,東京都千代田区三崎町2-7-10帝都三崎町ビル4F,1992年,村瀬孝司,イベント・内装 施工サービス業,5740万円,380人
2025/11/05 12:01:18,https://dairitenboshu.com/syo/9724,株式会社デュゼ,神奈川県海老名市今里3-17-1,2009 年,岩崎直樹,化粧品の企画製造販売,200万円,4人
2025/11/05 12:01:18,https://dairitenboshu.com/syo/9726,山口ネットワークシステム有限会社,山口県山口市大内長野604-1,,,,,
2025/11/05 12:01:18,https://dairitenboshu.com/syo/9727,株式会社オネスト,大阪府大阪市中央区鎗屋町2丁目1番3号タカイチビル4F,2009年,小林義信,省エネルギー機器の販売 エアコン電気代節電商品 LED照明の販売,300万円,4人
2025/11/05 12:01:19,https://dairitenboshu.com/syo/9729,株式会社洛西精密技研,京都府京都市北区紫竹東高縄町39-4ＭＳ北山ビル１Ｆ,2007年,藤村 敬介,8坪あれば開業できる！未経験でもできる質屋のフランチャイズ 質×７＝ミスト フレッシュ質屋「ミスト」とは？ ミストは、顧客に対し商品を担保に貸付する質屋フランチャイズ。 8坪以上からで開業できるビジネスで、金プラチナ貴金属や電化製品、金券に至るまで物であれば何でも扱えるのが特徴です。 加盟検討者が押さえておきたいビジネスの魅力 業界未経験の方でも「質屋開業」の認可がおり低資金で開業できます 質屋業を開業するには公安委員会の厳重な審査があります。法律もややこしく古物商の認可のように申請だけでは質屋の認可はおりません。ミストは、この審査基準を確実にマスターし、認可をおろす事に成功しました。 質屋の開業（認可）には設備だけで1000万円以上はかかると言われてきましたが、ミストは低資金で質屋の開業（認可）が出来るシステムをご用意しています。また、真贋判定に関しましても絶対の自信を持って加盟店様にご提供します。 幅広い開業実績有！消費者金融の限界に対応できる【質屋ビジネス】 消費者金融で貸し金額の上限を定めている中 融資・貸付が出来る質屋ビジネスは借金をしたくてもできない方にとってニーズが高いビジネスです。 金プラチナ・ブランド品・高級時計・家財道具など幅広い商品を買い取り、商品を担保としてお預かりするビジネスですが、元金融屋・不動産・脱サラ・飲食・小売店・サイドビジネスなどで幅広い開業実績があります。 金融業界をしてきた本部だから、顧客心理をつかんだ質屋経営ができる 「お金」にまつわるプロ集団が展開するフランチャイズ本部なので、顧客心理をしっかりつかんだ質屋の経営ノウハウをお渡しします！ 質×７＝ミスト フレッシュ質屋「ミスト」フランチャイズ加盟店・オーナーが活躍中,1000万円,4人
2025/11/05 12:01:19,https://dairitenboshu.com/syo/9732,株式会社Libertant,愛知県名古屋市西区名駅2-9-14第15平松OFIICE 6階,,,大手通信会社の提供するインターネットの販売取次業務。 通信関連の取次。,,
2025/11/05 12:01:19,https://dairitenboshu.com/syo/9733,株式会社オフィスグローヴ,東京都千代田区神田神保町2-7-3神保町NKビル7階,2001年,四宮 久視子,業務請負業 通信関連に特化しています。,5550万円,
2025/11/05 12:01:19,https://dairitenboshu.com/syo/9734,株式会社スリーコール,東京都杉並区杉並区方南1丁目,,,,,
2025/11/05 12:01:19,https://dairitenboshu.com/syo/9735,健康サポート合同会社,東京都東久留米市下里4-1-2-307 月～土・10時～17時,2013年,,健康に関する商品の開発・企画・卸・販売 各種福祉事業 （お問い合わせは月～土10時～17時）,,
2025/11/05 12:01:19,https://dairitenboshu.com/syo/9736,ライズ・コミュ二ティー,埼玉県さいたま市大宮区三橋4-5141ビューパレー大宮西,2013年,小野寺俊典,iPhone修理＆買取を専門で行っております。 技術講習生を募集のため掲載したいと思っております。,,
2025/11/05 12:01:19,https://dairitenboshu.com/syo/9738,ネット・ジーエス株式会社,広島県福山市春日町6丁目2番32号,2013年,大賀伸二,インターネットを利用した中古車個人売買を行う会社です。 QRコードの付いたステッカー（以下、GS webkey（ジーエスウェブキー）があるのですが、そのステッカーに車両情報を入力することで、売り手は今まで通り乗りながら車を販売することが可能となり、駐車場が中古車展示場に！ 流通時に生じる中間マージンなどがかからないため、買いたい人はより安く、売りたい人はより高く売ることができ、さらに個人売買なので消費税がかかりません。 また、弊社が仲介するため個人間同士の金銭トラブルや個人情報の問題を解決することができます。,1000万円,6人
2025/11/05 12:01:19,https://dairitenboshu.com/syo/9739,株式会社ビジネスリンクサービス,東京都墨田区江東橋1-14-4第2井野ビル３Ｆ,2017年,饗庭将之,独立開業 コンサルテイング 加盟店募集 ・メンタルケアサロン心の翼 https://kokoronotubasa.com/ ・総合買取センター宝の蔵 https://takara-no-kura.com/ ・代理・同行・調査コンシェルジュリサーチ https://concierge-research.com/,400万円,10人
2025/11/05 12:01:19,https://dairitenboshu.com/syo/9740,株式会社ビジネスリンクサービス,東京都墨田区江東橋1-14-4第2井野ビル３Ｆ,2017年,饗庭将之,独立開業 コンサルテイング 加盟店募集 ・メンタルケアサロン心の翼 https://kokoronotubasa.com/ ・総合買取センター宝の蔵 https://takara-no-kura.com/ ・代理・同行・調査コンシェルジュリサーチ https://concierge-research.com/,400万円,10人
2025/11/05 12:01:19,https://dairitenboshu.com/syo/9741,株式会社ビジネスリンクサービス,東京都墨田区江東橋1-14-4第2井野ビル３Ｆ,2017年,饗庭将之,独立開業 コンサルテイング 加盟店募集 ・メンタルケアサロン心の翼 https://kokoronotubasa.com/ ・総合買取センター宝の蔵 https://takara-no-kura.com/ ・代理・同行・調査コンシェルジュリサーチ https://concierge-research.com/,400万円,10人
2025/11/05 12:01:19,https://dairitenboshu.com/syo/9742,ネット・ジーエス株式会社,広島県福山市春日町6丁目2番32号,2013年,大賀伸二,インターネットを利用した中古車個人売買を行う会社です。 QRコードの付いたステッカー（以下、GS webkey（ジーエスウェブキー）があるのですが、そのステッカーに車両情報を入力することで、売り手は今まで通り乗りながら車を販売することが可能となり、駐車場が中古車展示場に！ 流通時に生じる中間マージンなどがかからないため、買いたい人はより安く、売りたい人はより高く売ることができ、さらに個人売買なので消費税がかかりません。 また、弊社が仲介するため個人間同士の金銭トラブルや個人情報の問題を解決することができます。,1000万円,6人
2025/11/05 12:01:20,https://dairitenboshu.com/syo/9743,健康サポート合同会社,東京都東久留米市下里4-1-2-307 月～土・10時～17時,2013年,,健康に関する商品の開発・企画・卸・販売 各種福祉事業 （お問い合わせは月～土10時～17時）,,
2025/11/05 12:01:20,https://dairitenboshu.com/syo/9744,株式会社FTJ,東京都品川区西五反田8-8-16五反田高砂ビル6階,2014年,,人材派遣 人材紹介 SES システムエンジニア派遣 WEBコンサルティング,900万円,50人
2025/11/05 12:01:19,https://dairitenboshu.com/syo/9745,株式会社エリアネットワーク東海,静岡県沼津市高島町4-15江藤ビル2Ｆ,2014年,村松 恭昌,電力コンサルティング 通信回線,100万円,6人
2025/11/05 12:01:20,https://dairitenboshu.com/syo/9746,合同会社ベリプロエンターテイメント,大阪府大阪市北区梅田１丁目１１番４号大阪駅前第四ビル９階２３－１１４１号,,,イベント企画／携帯電話販売／少額短期保険募集に係わる業務,,
2025/11/05 12:01:20,https://dairitenboshu.com/syo/9749,日本瓦斯株式会社 関東中央支店,埼玉県久喜市菖蒲町菖蒲6000-2,1955年,和田眞治,ガス事業（LPガス・都市ガス・電力の販売）、一般高圧ガス販売、 ガス機器、空調機器販売、リフォーム事業、総合設備工事他,707000万円,1922（連結）人
2025/11/05 12:01:20,https://dairitenboshu.com/syo/9750,ライズ・コミュ二ティー,埼玉県さいたま市大宮区三橋4-5141ビューパレー大宮西,2013年,小野寺俊典,iPhone修理＆買取を専門で行っております。 技術講習生を募集のため掲載したいと思っております。,,
2025/11/05 12:01:20,https://dairitenboshu.com/syo/9751,clipo株式会社,愛知県名古屋市中区栄5-28-12名古屋若宮ビル９階,2011年,吉田憲司,Googleストリートビュー屋内版撮影 VR&amp;３D撮影サービス「ミライカメラ」の提供,300万円,12人
2025/11/05 12:01:20,https://dairitenboshu.com/syo/9753,株式会社L.I.C,東京都港区芝公園4-6-8 3F美人ビル,,,,,
2025/11/05 12:01:20,https://dairitenboshu.com/syo/9754,株式会社オフィスグローヴ,東京都千代田区一ツ橋2-4-4岩波書店一ツ橋別館5F,2001年,四宮 久視子,人材派遣業 営業支援業務請負,5550万円,18人
2025/11/05 12:01:20,https://dairitenboshu.com/syo/9755,株式会社テン・エンタープライズ,愛知県蒲郡市松原町3-10,,,CBDオイル配合製品の開発・製造・販売 ミネラル濃縮液の販売,,
2025/11/05 12:01:20,https://dairitenboshu.com/syo/9756,株式会社S&amp;A,愛知県名古屋市中区丸の内2丁目12-13 丸の内プラザビル 8F,2010年,,通信・ネットワークソリューション事業 通信セキュリティ事業 広告事業 IT・WEB事業 営業代行事業 セールスアウトソース,300万円,100人
2025/11/05 12:01:20,https://dairitenboshu.com/syo/9757,合同会社ナチュラル,千葉県流山市東初石4-195-26,2014年,渡部 典夫,健康関連商材の販売、健康食品販売、環境関連商材の販売、自然食材の販売、コンサル、セミナー開催、各種異業種交流会主催,100万円,3人
2025/11/05 12:01:20,https://dairitenboshu.com/syo/9758,JITホールディングス株式会社,東京都-,,,,,
2025/11/05 12:01:21,https://dairitenboshu.com/syo/9759,株式会社HPSTYLE,兵庫県姫路市辻井1-11-23AquaBankStationNerima,2014年,,AquaBankStationNerima アクアバンク全国代理店を行っています。取次店・業務委託・パートナーを募集したいと思っています。,800万円,
2025/11/05 12:01:21,https://dairitenboshu.com/syo/9760,省エネオフィス,熊本県熊本市東区長嶺南6丁目11-17,2017年,林田 仁,Googleインドアビュー代理店、電力コンサル、ＯＡ機器全般シャープ複合機、NTT、セキュリティカメラ,100万円,2人
2025/11/05 12:01:21,https://dairitenboshu.com/syo/9761,株式会社 紗利伊,福岡県福岡市中央区浄水通5-10ケインズ浄水 １F,2015年,辻 小百合,自社ブランドのスキンケアシリーズを販売。女性限定の募集です。 全国に代理店が50軒あり独自の代理店制度で自己資金を切り崩すことが無く登録料・資格料など初期投資が一切ありません。 在庫も持つ必要が無く、集金・配達も会社が行います。 美肌になりたい・お世話が好き・このままで終わりたくない・・・ とにかくヤル気を買います。,,6人
2025/11/05 12:01:21,https://dairitenboshu.com/syo/9763,株式会社beberise,東京都港区赤坂6-14-3近文ビル6階,2013年,八島国博,・家賃保証サービス ・不動産賃貸・売買・仲介・管理 ・レンタルオフィス・バーチャルオフィス運営 ・システム開発事業 ・ブライダル事業,1000万円,10人
2025/11/05 12:01:21,https://dairitenboshu.com/syo/9764,BALIE株式会社,宮城県仙台市青葉区本町2丁目1-7本町奥田ビル8F,2013年,佐瀬 武士,LINE@正規代理店業務 LINE@販売パートナー管理,"1,000万円",18人
2025/11/05 12:01:21,https://dairitenboshu.com/syo/9765,ISカンパニー・リミテッド,三重県桑名市蓮花寺1605-32-102,2017年,石原楠広,iPhone修理事業 ガラス割れ交換、液晶パネル交換、ホームボタン交換、バッテリー交換等 水没修理、,300万円,2人
2025/11/05 12:01:21,https://dairitenboshu.com/syo/9766,超ミネラル水健康普及協会,福島県福島市松川町字向町2,2012年,茂木秀雄,超みねらる水 ながいきくん を主に全国の治療院を代理店になって頂き拡販いたしております・協会ホームページhttp://minerarusui.web.fc2.com/index.html,,3人
2025/11/05 12:01:21,https://dairitenboshu.com/syo/9767,株式会社OFFICEヒロ,大阪府北区芝田2－3－16 いづたビル207,2006年,濱田裕子,エルセ保険事業元 その他,300万円,2人
2025/11/05 12:01:21,https://dairitenboshu.com/syo/9768,株式会社ヴェライズ,東京都新宿区新宿2-12-13 2F,,,省エネ商品の卸・販売・施工・販売代理商開発,,
2025/11/05 12:01:21,https://dairitenboshu.com/syo/9769,株式会社バズージャパン,東京都港区麻布十番2-16-11202,2008年,藤下喜英,動画を使って地域別で閲覧できる動画ポータルサイト「バズー インターネットテレビ」 全国横断的な動画PRポータルサイトとして国内唯一の存在。 稼ぎたい人にピッタリなシステムです、ら 副次的な効果として上位に検索できる。（自社によって更新できる手離れが良い簡単なサービス） 膨大なコストをかけることなく、手軽な操作で更新さはて効率的。 様々なサービスとのコラボもあり、地域や地方の為になる事で社会貢献しながらビジネス出来る数少ないサービス。,1000万円,5人
2025/11/05 12:01:21,https://dairitenboshu.com/syo/9770,株式会社グロウワーク,群馬県伊勢崎市太田町1137-6,,,•iPhone修理サービス業務 •中古携帯端末買取/販売 •データ復旧事業 •スマホアクセサリー販売事業 •電気通信事業法に定める電気通信事業 •MVNO事業 •フランチャイズ代理店業,1000万円,
2025/11/05 12:01:21,https://dairitenboshu.com/syo/9771,株式会社エリア,北海道札幌市清田区清田1条1丁目3-67まつ一ビル,,,,,
2025/11/05 12:01:21,https://dairitenboshu.com/syo/9773,株式会社ビットモール,東京都中央区入船1-1-26永井ビル5階,2016年,渡辺充,ビットコイン自動売買プログラムソフトの販売,900万円,5人
2025/11/05 12:01:21,https://dairitenboshu.com/syo/9774,合同会社ミザード,大阪府大阪市中央区瓦屋町３－９－７CITYLIFEディナスティ日本橋1階,,,,,
2025/11/05 12:01:21,https://dairitenboshu.com/syo/9775,ブライダルカフェ品川,東京都品川区北品川3-11-13,,,国内外の結婚相談所,,
2025/11/05 12:01:21,https://dairitenboshu.com/syo/9777,Dubli,宮城県仙台市泉区みずほ台３−１０クレセントモール３０５,,,ネットショッピング代理店,,
2025/11/05 12:01:22,https://dairitenboshu.com/syo/9779,株式会社ＣＮＷ,広島県広島市中区2-1-24AUビル3階,2008年,末満裕二,・ 電気通信事業法による通信事業者の通信機器販売および代理店業務 ・ 電気通信事業法による通信事業者のインフラ整備および電気工事 ・ 電気通信機器の売買並びに保守業務 ・ 特定労働者派遣事業 ・ 営業代行業務 ・ 営業コンサルティング業務,100万円,34人
2025/11/05 12:01:22,https://dairitenboshu.com/syo/9780,株式会社株式会社LJ,愛知県春日井市鳥居松町五丁目６０番地,,,,,
2025/11/05 12:01:22,https://dairitenboshu.com/syo/9781,株式会社charm,大阪府大阪市北区中崎西1丁目4-22梅田東ビル201,,,,,
2025/11/05 12:01:22,https://dairitenboshu.com/syo/9782,プロモスジャパン株式会社,広島県広島市西区横川町2-4-15,2007年,,,,
2025/11/05 12:01:22,https://dairitenboshu.com/syo/9783,株式会社ストーリア,東京都足立区梅田2-18-19,2007年,田中豊彦,コンサルティング、衣料・美容雑貨輸出入及び卸、販売,3700万円,
2025/11/05 12:01:22,https://dairitenboshu.com/syo/9786,世界に一つだけの株式会社,東京都渋谷区恵比寿4-20-3恵比寿ガーデンプレイスタワー18F,2017年,,人、物、商品、場所、空間、なんでもプロデュースします。 【経営・運営】 アドバイスからコンサルタントまでお引き受け可能です。専門会社や弁護士、税理士などの紹介もお伺い致します。 【起業・開業】 法人・個人に限らず事業の企画から開発あるいは必要物資の確保や各種手続きなどすべてにおいてお手伝いが可能です。 【販売・流通】 商品のレポートやカタログなどの制作からプレゼンまで引き受け、全国の店舗へ流通できます。通販会社にも対応。 【仕入・卸売】 物販用商品の仕入れや買い付けは国内外に限らず対応できます。業者間の取引や販売業者への卸売りも対応します。 【輸入・輸出】 海外からの輸入手続きも一式、代行や仲介が可能です。欧米・アジアとの連絡や提携も仲介させて頂きます。 【交渉・仲介】 制作から買い付けなど交渉事は得意としております。10カ国語で対応しあらゆるエージェントが可能です。 【企画・計画】 既存の事業や商品のリライト、新規計画における様式など企画に伴う作業と制作および説明や広報を広く対応します。 【宣伝・広告】 テレビやラジオのＣＭから雑誌などの媒体への広告からインターネットを活用するものまで何なりとご相談下さい。 【ＴＶ・ＣＭ】 テレビの制作に広く携わっております。番組本体とＣＭにおける強い宣伝や広報力をもって提供できます。 【芸能・音楽】 あらゆる事業が混在する芸能メディアにおいて多様な事業展開を行ってます。エンタテインメントの一切に対応します。 【ＩＴ・情報】 インターネットの活用方法において優れた企画や機能を持ち合わせており、皆様に合った都合で提供させて頂きます。 【法律・法務】 事業、実業においての各種手続きから困り事の相談、あるいは法的措置に至るまでご相談に応じて対応します。 【紹介・交流】 情報交換やコネクションの広がり、あるいはコミュニケーションの場として事業者同士の交流会を開催しております。 【投資・融資】 新規および既存事業への投資や融資のほか起業家へのエンジェル紹介など複数の投資家グループと提携して承ります。,,
2025/11/05 12:01:22,https://dairitenboshu.com/syo/9787,世界に一つだけの株式会社,東京都渋谷区恵比寿4-20-3恵比寿ガーデンプレイスタワー18F,2017年,,人、物、商品、場所、空間、なんでもプロデュースします。 【経営・運営】 アドバイスからコンサルタントまでお引き受け可能です。専門会社や弁護士、税理士などの紹介もお伺い致します。 【起業・開業】 法人・個人に限らず事業の企画から開発あるいは必要物資の確保や各種手続きなどすべてにおいてお手伝いが可能です。 【販売・流通】 商品のレポートやカタログなどの制作からプレゼンまで引き受け、全国の店舗へ流通できます。通販会社にも対応。 【仕入・卸売】 物販用商品の仕入れや買い付けは国内外に限らず対応できます。業者間の取引や販売業者への卸売りも対応します。 【輸入・輸出】 海外からの輸入手続きも一式、代行や仲介が可能です。欧米・アジアとの連絡や提携も仲介させて頂きます。 【交渉・仲介】 制作から買い付けなど交渉事は得意としております。10カ国語で対応しあらゆるエージェントが可能です。 【企画・計画】 既存の事業や商品のリライト、新規計画における様式など企画に伴う作業と制作および説明や広報を広く対応します。 【宣伝・広告】 テレビやラジオのＣＭから雑誌などの媒体への広告からインターネットを活用するものまで何なりとご相談下さい。 【ＴＶ・ＣＭ】 テレビの制作に広く携わっております。番組本体とＣＭにおける強い宣伝や広報力をもって提供できます。 【芸能・音楽】 あらゆる事業が混在する芸能メディアにおいて多様な事業展開を行ってます。エンタテインメントの一切に対応します。 【ＩＴ・情報】 インターネットの活用方法において優れた企画や機能を持ち合わせており、皆様に合った都合で提供させて頂きます。 【法律・法務】 事業、実業においての各種手続きから困り事の相談、あるいは法的措置に至るまでご相談に応じて対応します。 【紹介・交流】 情報交換やコネクションの広がり、あるいはコミュニケーションの場として事業者同士の交流会を開催しております。 【投資・融資】 新規および既存事業への投資や融資のほか起業家へのエンジェル紹介など複数の投資家グループと提携して承ります。,,
2025/11/05 12:01:22,https://dairitenboshu.com/syo/9790,株式会社ハローＧ,静岡県焼津市石津中町１７－１２,1955年,芝崎豪,燃料小売、設備工事、通信工事、ＩＳＰ事業、太陽光、リフォーム、旅行業など各種事業を多角的に展開,4000万円,70人
2025/11/05 12:01:22,https://dairitenboshu.com/syo/9791,世界に一つだけの株式会社,東京都渋谷区恵比寿4-20-3恵比寿ガーデンプレイスタワー18F,2017年,,人、物、商品、場所、空間、なんでもプロデュースします。 【経営・運営】 アドバイスからコンサルタントまでお引き受け可能です。専門会社や弁護士、税理士などの紹介もお伺い致します。 【起業・開業】 法人・個人に限らず事業の企画から開発あるいは必要物資の確保や各種手続きなどすべてにおいてお手伝いが可能です。 【販売・流通】 商品のレポートやカタログなどの制作からプレゼンまで引き受け、全国の店舗へ流通できます。通販会社にも対応。 【仕入・卸売】 物販用商品の仕入れや買い付けは国内外に限らず対応できます。業者間の取引や販売業者への卸売りも対応します。 【輸入・輸出】 海外からの輸入手続きも一式、代行や仲介が可能です。欧米・アジアとの連絡や提携も仲介させて頂きます。 【交渉・仲介】 制作から買い付けなど交渉事は得意としております。10カ国語で対応しあらゆるエージェントが可能です。 【企画・計画】 既存の事業や商品のリライト、新規計画における様式など企画に伴う作業と制作および説明や広報を広く対応します。 【宣伝・広告】 テレビやラジオのＣＭから雑誌などの媒体への広告からインターネットを活用するものまで何なりとご相談下さい。 【ＴＶ・ＣＭ】 テレビの制作に広く携わっております。番組本体とＣＭにおける強い宣伝や広報力をもって提供できます。 【芸能・音楽】 あらゆる事業が混在する芸能メディアにおいて多様な事業展開を行ってます。エンタテインメントの一切に対応します。 【ＩＴ・情報】 インターネットの活用方法において優れた企画や機能を持ち合わせており、皆様に合った都合で提供させて頂きます。 【法律・法務】 事業、実業においての各種手続きから困り事の相談、あるいは法的措置に至るまでご相談に応じて対応します。 【紹介・交流】 情報交換やコネクションの広がり、あるいはコミュニケーションの場として事業者同士の交流会を開催しております。 【投資・融資】 新規および既存事業への投資や融資のほか起業家へのエンジェル紹介など複数の投資家グループと提携して承ります。,,
2025/11/05 12:01:22,https://dairitenboshu.com/syo/9795,株式会社 ティーティーエム,長野県松本市小屋南1-40-8,1992年,金子 清,ワークショップイベント 材料卸 貿易業,1000万円,4人
2025/11/05 12:01:22,https://dairitenboshu.com/syo/9797,世界に一つだけの株式会社,東京都渋谷区恵比寿4-20-3恵比寿ガーデンプレイスタワー18F,2017年,,人、物、商品、場所、空間、なんでもプロデュースします。 【経営・運営】 アドバイスからコンサルタントまでお引き受け可能です。専門会社や弁護士、税理士などの紹介もお伺い致します。 【起業・開業】 法人・個人に限らず事業の企画から開発あるいは必要物資の確保や各種手続きなどすべてにおいてお手伝いが可能です。 【販売・流通】 商品のレポートやカタログなどの制作からプレゼンまで引き受け、全国の店舗へ流通できます。通販会社にも対応。 【仕入・卸売】 物販用商品の仕入れや買い付けは国内外に限らず対応できます。業者間の取引や販売業者への卸売りも対応します。 【輸入・輸出】 海外からの輸入手続きも一式、代行や仲介が可能です。欧米・アジアとの連絡や提携も仲介させて頂きます。 【交渉・仲介】 制作から買い付けなど交渉事は得意としております。10カ国語で対応しあらゆるエージェントが可能です。 【企画・計画】 既存の事業や商品のリライト、新規計画における様式など企画に伴う作業と制作および説明や広報を広く対応します。 【宣伝・広告】 テレビやラジオのＣＭから雑誌などの媒体への広告からインターネットを活用するものまで何なりとご相談下さい。 【ＴＶ・ＣＭ】 テレビの制作に広く携わっております。番組本体とＣＭにおける強い宣伝や広報力をもって提供できます。 【芸能・音楽】 あらゆる事業が混在する芸能メディアにおいて多様な事業展開を行ってます。エンタテインメントの一切に対応します。 【ＩＴ・情報】 インターネットの活用方法において優れた企画や機能を持ち合わせており、皆様に合った都合で提供させて頂きます。 【法律・法務】 事業、実業においての各種手続きから困り事の相談、あるいは法的措置に至るまでご相談に応じて対応します。 【紹介・交流】 情報交換やコネクションの広がり、あるいはコミュニケーションの場として事業者同士の交流会を開催しております。 【投資・融資】 新規および既存事業への投資や融資のほか起業家へのエンジェル紹介など複数の投資家グループと提携して承ります。,,
2025/11/05 12:01:22,https://dairitenboshu.com/syo/9798,Retty株式会社,東京都港区三田1丁目4番1号 住友不動産麻布十番ビル3F,2010年,武田和也,,,
2025/11/05 12:01:22,https://dairitenboshu.com/syo/9801,株式会社beberise,東京都港区赤坂6-14-3近文ビル6階,2013年,八島国博,・家賃保証サービス ・不動産賃貸・売買・仲介・管理 ・レンタルオフィス・バーチャルオフィス運営 ・システム開発事業 ・ブライダル事業,1000万円,10人
2025/11/05 12:01:22,https://dairitenboshu.com/syo/9803,株式会社オフィスグローヴ,東京都千代田区神田神保町2-7-3神保町NKビル7階,2001年,四宮 久視子,業務請負業 通信関連に特化しています。,5550万円,
2025/11/05 12:01:22,https://dairitenboshu.com/syo/9804,お家の保険相談センター,東京都渋谷区渋谷３丁目１番９号 YAZAWAビル3F,,,,,
2025/11/05 12:01:22,https://dairitenboshu.com/syo/9807,株式会社ネクストステージ,東京都笹塚1-56-6クレセントプラザ笹塚30B,,,,,
2025/11/05 12:01:23,https://dairitenboshu.com/syo/9812,株式会社FCEプロセス＆テクノロジー,東京都新宿区西新宿2-4-1新宿NSビル 10階,,,,,
2025/11/05 12:01:23,https://dairitenboshu.com/syo/9816,INFINITY LIFE,東京都練馬区石神井町6-26-18ダイアパレス石神井公園第2-202,2018年,大澤圭一,マネジメント事業部 ボディケア事業部 メンタルケア事業部 スポーツ事業部 モバイル事業部,,
2025/11/05 12:01:23,https://dairitenboshu.com/syo/9817,株式会社グロウワーク,群馬県伊勢崎市太田町1137-6,,,•iPhone修理サービス業務 •中古携帯端末買取/販売 •データ復旧事業 •スマホアクセサリー販売事業 •電気通信事業法に定める電気通信事業 •MVNO事業 •フランチャイズ代理店業,1000万円,
2025/11/05 12:01:23,https://dairitenboshu.com/syo/9821,株式会社イークル,東京都新宿区山吹町346シマダビル6F,2014年,金城宏樹,インターネット広告事業 （1）SEO（検索エンジン最適化サービス） （2）ヤフーリスティング、アドワーズ広告運用業務 （3）その他インターネット広告代理業務 （4）風評被害対策 ウェブ制作事業 （1）ホームページの企画、制作、コンサルティング業務 （2）各種システム企画、開発、コンサルティング業務 （3）モバイルサイトの企画、制作、コンサルティング業務 （4）各種保守管理,1000万円,10人
2025/11/05 12:01:23,https://dairitenboshu.com/syo/9822,株式会社プロモスト,東京都中央区銀座１丁目１３−１５ダイワロイヤル銀座ビル オフィスフロア2F,2016年,瀬戸口 健,株式会社プロモストは東京都中央区にある広告代理店です。デジタルサイネージ事業、WEB集客事業、マンションコミュニティアプリ事業を展開しており、お客様の商品・サービスをオンライン、オフラインの両方から日本、世界へアピール致します。,"5,000万円",20人
2025/11/05 12:01:23,https://dairitenboshu.com/syo/9825,株式会社ハローG,静岡県焼津市石津中町17-12,1955年,,,,70人
2025/11/05 12:01:23,https://dairitenboshu.com/syo/9828,株式会社アイループ,大阪府東大阪市長田東2-2-3長田エストビル803,2010年,粟井義道,ECサイトの運営管理 飲食事業 健康器具の販売及びレンタル その他付随する事業,800万円,50人
2025/11/05 12:01:23,https://dairitenboshu.com/syo/9829,株式会社アドバンス,東京都千代田区麹町3-5-2ビュレックス麹町8F,2017年,正木 佳基,助成金支援事業 社会保険料適正化事業 研修事業,5000万円,20人
2025/11/05 12:01:23,https://dairitenboshu.com/syo/9831,合同会社オズモライズ,大阪府大阪市淀川区西宮原1丁目6番60,2018年,笹谷和憲,グーグルストリートビュー WEBコンテンツ運営 VR事業 通信事業,,
2025/11/05 12:01:23,https://dairitenboshu.com/syo/9832,株式会社ハローG,神奈川県横浜市鶴見区鶴見中央５丁目１１－２鶴見リバーマンション１０３,1955年,芝崎良人,ＬＰガス小売り・ガス機器販売・リフォーム工事・設備工事・通信工事・インタネットプロバイダ・通信商材営業代行・ハロー電力など,4000万円,70人
2025/11/05 12:01:23,https://dairitenboshu.com/syo/9836,NOK株式会社,神奈川県藤沢市辻堂新町４－３－１,,,,,
2025/11/05 12:01:23,https://dairitenboshu.com/syo/9839,株式会社LIMJAPAN,東京都港区芝３丁目４０−４ 三田シティプラザ,,,,,
2025/11/05 12:01:24,https://dairitenboshu.com/syo/9840,健幸ライフ株式会社,福岡県福岡市博多区東比恵1-2-3ガリレオビル3F,,,,,
2025/11/05 12:01:24,https://dairitenboshu.com/syo/9842,株式会社Geal,山口県山口市米屋町1-3米屋町ビルB,2008年,塩谷 覚士,"iPhone,iPad,iPod,Android修理業 データー復旧サービス 中古端末販売・買取 集客コンサル業",500万円,3人
2025/11/05 12:01:24,https://dairitenboshu.com/syo/9844,凛空,大阪府泉大津市東雲町９－８４,,,格安SIM取扱い,100万円,
2025/11/05 12:01:24,https://dairitenboshu.com/syo/9845,株式会社PhiHomes,東京都港区東京都港区三田1-5-5-204,,椎名翼,フィリピンの大手デベロッパーのDMCIHomesのコンドミニアムを日本で販売、代理店構築を行っている会社です。,,
2025/11/05 12:01:24,https://dairitenboshu.com/syo/9846,株式会社グロウワーク,群馬県伊勢崎市太田町1137-6,,,•iPhone修理サービス業務 •中古携帯端末買取/販売 •データ復旧事業 •スマホアクセサリー販売事業 •電気通信事業法に定める電気通信事業 •MVNO事業 •フランチャイズ代理店業,1000万円,
2025/11/05 12:01:24,https://dairitenboshu.com/syo/9847,ICT株式会社,東京都渋谷区宇田川町37-10麻仁ビル4F,2014年,中村優太,情報通信事業 ダイレクトマーケティング事業,600万円,20人
2025/11/05 12:01:24,https://dairitenboshu.com/syo/9849,ライザ株式会社,大阪府大阪市東淀川区東中島2-2-17EPI BUILDING 501,2014年,,アプリ開発・システム開発・WEBサイト制作・OEM・ランディングページ制作ほか,,
2025/11/05 12:01:25,https://dairitenboshu.com/syo/9850,株式会社オーガニック,新潟県佐渡市市野沢138,2017年,折田しおり,飲食店の経営 店舗開発 コンサルタント事業 オーダースーツのデザイン販売事業 健康食品開発デザイン販売事業,300万円,3人
2025/11/05 12:01:24,https://dairitenboshu.com/syo/9851,株式会社ラルフコーポレーション,福岡県福岡市南区大楠1丁目30-26BON Tour日赤通り 2F,,,,,
2025/11/05 12:01:24,https://dairitenboshu.com/syo/9852,シマニシ科研,東京都新宿区百人町2-27-4,2001年,石井清堅,高純度ミネラル水溶液の製造販売。 今回は農業用のシーマロックス液肥の地方での販売代理店になってくれる方や企業を探しています。北海道の十勝帯広地区以外、九州、中国地方、四国、近畿で探しています。,6300万円,8人
2025/11/05 12:01:25,https://dairitenboshu.com/syo/9853,株式会社グローバルサポート,兵庫県芦屋市業平町4-1イム・エメロード5F,2003年,神谷 寛,営業請負・人材派遣・人材紹介,1000万円,35人
2025/11/05 12:01:25,https://dairitenboshu.com/syo/9856,ＥＬＳ企画販売,大阪府大阪市東住吉区北田辺４丁目１０番,2008年,豊福伸司,"電気工事会社からの分社したEL,LED事業専門の組織になります。 薄くて軽い工事費いらずの無機ELシートの代理店を募集いたしております。",1000万円,３人
2025/11/05 12:01:26,https://dairitenboshu.com/syo/9857,株式会社わくわくストアー,静岡県浜松市東区上西町1265-3,2010年,冨田浩二,ゴールドパンチα3000代理店 シーツー株式会社代理店 弁護士保険代理店 ほか,555万円,2人
2025/11/05 12:01:25,https://dairitenboshu.com/syo/9859,株式会社SPASA,東京都葛飾区新宿5-23-5,1年,中川 真太郎,世界初ノンカフェイン・エナジードリンクのお酒を専売しています。 エナジーアルコールという商標も取得済みです。,,
2025/11/05 12:01:25,https://dairitenboshu.com/syo/9861,株式会社ブレイブシステムズ,東京都千代田区飯田橋４－８－１３山商ビル５F,20年,金子智博,後付可能なオートロックシステムを取扱っています。賃貸住宅向けに費用面に応じて簡易的なものからスマホのテレビ電話機能を使ったものまで段階的に商材をラインナップしています。エントランスから各戸までの配線を不要にしたことで、大規模工事の必要がなく、今までオートロックシステム導入を諦めてしまった賃貸オーナー様に向け、賃貸住宅人気設備ランキング1位のオートロックシステム導入をご提案しています。,３００万円,６人
2025/11/05 12:01:25,https://dairitenboshu.com/syo/9862,株式会社オフィスグローヴ,東京都千代田区一ツ橋2-4-4岩波書店一ツ橋別館5F,2001年,四宮 久視子,人材派遣業 営業支援業務請負,5550万円,18人
2025/11/05 12:01:25,https://dairitenboshu.com/syo/9864,キジマツサービス,愛知県長久手市片平2-201NSザガーデン6階,,松尾次洋,通信サービスの提供,1000万円,5人
2025/11/05 12:01:25,https://dairitenboshu.com/syo/9868,株式会社エムシースクエア,東京都立川市錦町１丁目２番５号三浦ビル３階,2008年,具志堅満,iPhoneの修理 ソフトウェエア開発,,
2025/11/05 12:01:25,https://dairitenboshu.com/syo/9869,株式会社バルテックジャパン(オフィス24グループ),東京都中央区銀座6-14-8銀座石井ビル9階,1993年,吉江 秀馨,"■IT,NW ICT機器ハード・ソフト開発、製造、販売 自社製品：MOT/PBX、MOT/Hotel Phone、POS、券売機、OSS（監視カメラシステム） システム開発：企業向けアプリ開発、OWM（イントラ対応の企業内システム構築、ホームページ製作等） ■SHOP &amp;amp;SERVICE ネットワーク関連施工・工事、 ぱっとスル（印刷系ECサイト）、レンタルオフィス事業、 文具・印刷店舗FC展開 スマートフォン・PC修理店舗FC展開、 飲食事業 ■FINANCE&amp;amp;STOCK 自社製品(ソフトウェア)保守、システム保守、MOT光(光回線)、OWS(プロバイダー)、クレパス(カード決済事業) SES 派遣・紹介、電話代行サービス、ハイ経費(経費システム)、MOT/cloud(クラウドサービス） MOT/TEL（クラウド電話サービス）、MOTでんき、 金融/リース事業(スマートレンダー社) ■OTHERS インテリア事業 (オフィスデザイン、内装施工等) 自社製造オフィス家具販売 その他 他社製品販売",42542万円,484人
2025/11/05 12:01:25,https://dairitenboshu.com/syo/9872,株式会社ウェイビー,東京都千代田区五番町12-6五番町マンションB1,2010年,,,,
2025/11/05 12:01:25,https://dairitenboshu.com/syo/9873,株式会社original,東京都品川区東五反田1−11−7三ツ星ビル１号館5F-B,2013年,森木陽輔,インスタグラム運用サポート・運用代行サービス（aim@／エイムアット） Twitter運用サポートサービス（aim@ by Twitter／エイムアット） MEO事業（ GoogleMAP対策 OriMAP） LINE公式アカウント運用サポート（フレクサ） WEB制作事業 広告代理業 WEB・SNSコンサルティング事業 メディア制作・運営事業,700万円,9人
2025/11/05 12:01:25,https://dairitenboshu.com/syo/9874,株式会社シー・ビー・ティ・ソリューションズ,東京都千代田区神田須田町1-24-3FORECAST神田須田町3F,2009年,野口 功司,1. 資格・検定試験プロデュースサービス 新規立ち上げ 調査・分析・アドバイス 実施・運営・アフターフォロー 2. 試験運営総合委託サービス CBT（コンピュータによる）全国随時試験運営委託サービス PBT（マークシートによる）全国一斉試験運営委託サービス 3. 受験サポートシステムサービス Web受験申込・決済システム IBT ネット検定専用システム 受験者管理システム Webお試し受験システム モバイル申し込みシステム 専用システム受託開発 4. 事務委託・印刷・データ処理・分析サービス 運営事務局委託・コールセンター委託 各種印刷物製作・データ処理 試験データ分析サービス 5. 資格・検定のポータルサイト「日本の資格・検定」の運営 広告・企画・運営・職業紹介 有料職業紹介事業許可 13-ユ-310617 6. その他のサービス デザイン関連業務 マニュアル製作・コンサルティング,3000万円,60人
2025/11/05 12:01:25,https://dairitenboshu.com/syo/9875,クリアライフ株式会社,福岡県福岡市博多区博多駅南３－２－３IBBフェリックスビル７F,2013年,鍋岡信彦,WEBマーケティング事業部 コンシューマー事業部,１００万円,５０人
2025/11/05 12:01:26,https://dairitenboshu.com/syo/9876,クリアライフ株式会社,福岡県福岡市博多区博多駅南３－２－３IBBフェリックスビル７F,2013年,鍋岡信彦,WEBマーケティング事業部 コンシューマー事業部,１００万円,５０人
2025/11/05 12:01:26,https://dairitenboshu.com/syo/9877,CLEE,東京都世田谷区北沢1-40,2018年,,火災保険、地震保険申請の業者比較サイトを運営しております。 比較サイトだからこそ、ユーザーに対して最適な申請業者とのマッチングが可能です。,,
2025/11/05 12:01:26,https://dairitenboshu.com/syo/9878,IMG Pharmacy,兵庫県加東市平木451-1,2009年,,海外医薬品、サプリメント、コスメ等の輸入代行業,,
2025/11/05 12:01:26,https://dairitenboshu.com/syo/9880,ココクリエイト合同会社,愛知県名古屋市中区錦1-16-14２F,2018年,今村勇太 岩塚清,人材支援業務 ソリューション事業,200万円,20人
2025/11/05 12:01:26,https://dairitenboshu.com/syo/9881,ラクサスマネジメント株式会社,東京都新宿区新宿二丁目3-11VORT新宿御苑9F,,,,,
2025/11/05 12:01:26,https://dairitenboshu.com/syo/9883,株式会社カチコ,東京都渋谷区元代々木町30番13号ONEST元代々木スクエア,2018 年,深澤智史,saas型動画制作ツール販売,,
2025/11/05 12:01:26,https://dairitenboshu.com/syo/9884,株式会社ダンクス,東京都港区芝3-40-4三田シティプラザ5階,,,,,
2025/11/05 12:01:26,https://dairitenboshu.com/syo/9887,アドエンターグループ株式会社,東京都渋谷区桜丘町21-7 ライブリー澁谷 ２０４,2019年,中島 亮,人材サービス 各種広告代理業 海外進出支援事業 コールセンター管理業務 WEB制作・システム開発 WEBマーケティング・プロモーション,500万円,10人
2025/11/05 12:01:26,https://dairitenboshu.com/syo/9890,TRENDE株式会社,東京都千代田区東神田1-16-7 東神田プラザビル2F,2017年,妹尾 賢俊,小売電気事業（小売事業者登録番号：A0455）,41106万円,
2025/11/05 12:01:27,https://dairitenboshu.com/syo/9891,株式会社アールエムラボ,愛知県名古屋市中区富士見町13－19富士見町八木ビル908,1年,西尾有司,ユニットバスの清掃、補修 温泉施設の浴場清掃および補修 墓石等野外構築物の洗浄およびコーティング,50万円,6人
2025/11/05 12:01:27,https://dairitenboshu.com/syo/9893,株式会社Ｍ＆Ｓ,神奈川県川崎市高津区久末676-1,2013年,佐藤陽,ハウスクリーニング 商品販売,2500万円,50人
2025/11/05 12:01:27,https://dairitenboshu.com/syo/9894,株式会社湘建,神奈川県横浜市西区3丁目6-1 みなとみらいセンタービル19階,2009年,松尾 健太郎,不動産の売買 不動産の仲介 不動産のコンサルティング 不動産の販売代理業 不動産の賃貸管理 リフォーム事業,10000万円,70人
2025/11/05 12:01:27,https://dairitenboshu.com/syo/9897,株式会社Life Choice Money,東京都中央区銀座6丁目13番16号銀座WallビルUCF501,2019年,,・金融商品業 ・財務コンサルティング業,,7人
2025/11/05 12:01:27,https://dairitenboshu.com/syo/9899,０５０株式会社,神奈川県横須賀市小川町２３－１,,,,,
2025/11/05 12:01:27,https://dairitenboshu.com/syo/9900,日本瓦斯株式会社,東京都八王子市丹木町3-209-4,1955年,,,707000万円,1922人
2025/11/05 12:01:27,https://dairitenboshu.com/syo/9903,株式会社Hagakure,東京都渋谷区道玄坂2-10-12,,,,,
2025/11/05 12:01:27,https://dairitenboshu.com/syo/9904,株式会社Next Innovation,東京都渋谷区東１－３２－１２渋谷プロパティービル9階,,,,,
2025/11/05 12:01:28,https://dairitenboshu.com/syo/9906,株式会社トリモ,大阪府大阪市西区西本町1丁目13-38西本町新興産ビル222,3年,亀石健悟,在日留学生、外国籍人材に対する就職・転職支援 有料職業紹介事業許可 許可番号 27-ユ-302898,2000万円,15人
2025/11/05 12:01:28,https://dairitenboshu.com/syo/9908,合同会社N.markサービス,愛媛県松山市北土居2丁目8-18,2017年,,弊社は「動き続ける未来を！」をコンセプトに光触媒による企画販売施工を行います。また代理店事業を展開,300万円,
2025/11/05 12:01:28,https://dairitenboshu.com/syo/9911,エスピトーム株式会社,静岡県静岡市駿河区中田２－４－１７,1970年,塩澤孝太郎,警備業,6700万円,500人
2025/11/05 12:01:28,https://dairitenboshu.com/syo/9912,株式会社KOTA,東京都千代田区1-5-6りそな九段ビル５F,2020年,上釜 航太,コーチング、コンサル 営業代理店,100万円,1人
2025/11/05 12:01:28,https://dairitenboshu.com/syo/9913,株式会社ライトアップ,東京都渋谷区渋谷2-15-1,2002年,白石 崇,中小企業支援事業 WEBコンサルティング 経営コンサルティング 人材教育事業,38638万円,150人
2025/11/05 12:01:28,https://dairitenboshu.com/syo/9914,Now You See株式会社,北海道札幌市中央区南9条西6丁目1-1シティビル5F,2019年,川嵜 駿人,物流サービス事業 アパレル事業 BtoCマッチングサービス開発事業デザイン WEB制作事業,300万円,30人
2025/11/05 12:01:28,https://dairitenboshu.com/syo/9915,Goody株式会社,東京都千代田区大手町2-6-2 日本ビル12F,2019年,桑島誠,人工知能でSNSの投稿をマイニングし解析。マッチングした人にスカウトDMまたは店舗集客のメッセンジャーを送るメッセンジャーサービス,90万円,3人
2025/11/05 12:01:28,https://dairitenboshu.com/syo/9916,ビートクリニック合同会社,東京都渋谷区東2-21-8 10F,2015年,宮城佑輔,ライブキャスティング、コンサルタント 雑貨輸出入,100万円,3人
2025/11/05 12:01:28,https://dairitenboshu.com/syo/9920,日本企業開発支援,東京都豊島区東池袋1-13-6-4Fイケブクロロクマルビル,,,,,
2025/11/05 12:01:28,https://dairitenboshu.com/syo/9921,一般社団法人 解体工事あんぜん協力会,神奈川県横浜市都筑区茅ヶ崎中央42-21,６年,林英一,ノーリスク火災保険請求サポートの運営 解体工事一括見積りサービスの運営,1000万円,6人
2025/11/05 12:01:29,https://dairitenboshu.com/syo/9923,株式会社大成リフォーム,兵庫県尼崎市御園町24尼崎第一ビル405,2019年,松田功,・建築業（一般リフォーム、、各種屋根工事、外構工事、塗装工事） ・火災保険申請代行サービス,100万円,9人
2025/11/05 12:01:29,https://dairitenboshu.com/syo/9925,株式会社フレンディット,東京都港区赤坂2-18-14赤坂STビル1F,2016年,細野博昭,ECプロデュース事業 コールセンター支援事業 情報資産プラットフォーム事業 ソリューション事業,2000万円,20人
2025/11/05 12:01:28,https://dairitenboshu.com/syo/9926,Dr.Botanicals.Japan,埼玉県さいたま市南区辻4－18－30メゾンドF301,,,,,
2025/11/05 12:01:28,https://dairitenboshu.com/syo/9927,株式会社A.NTiO,東京都新宿区百人町1-7-20メゾンドノール105,2016年,金慶ハン,外国から商品を輸入して日本国内に展開及び販売する貿易及び卸業です。,500万円,1人
2025/11/05 12:01:29,https://dairitenboshu.com/syo/9929,株式会社MEDICO,東京都大田区池上2-13-1,2018年,祝井理恵子,屋号：ボムクリーナー 事業： ・次世代型光触媒コーティング施工 ・セミナーの実施 ・業務用ボトルの代理店 内容：住宅・店舗で抗菌コートの施工 効果：99.99% 抗菌・抗ウイルス・消臭 持続：7年以上,300万円,2人
2025/11/05 12:01:29,https://dairitenboshu.com/syo/9930,株式会社Bグローブ,北海道帯広市東1条南6丁目14番地2-1003グランドール司,2020年,松村明子,人材コンサルタント 美容商材開発事業,200万円,
2025/11/05 12:01:29,https://dairitenboshu.com/syo/9932,株式会社IXIZ,大阪府東大阪市岸田堂西1-1-10,,,ハウスクリーニング 感染予防対策 ビルメンテナンス,,
2025/11/05 12:01:29,https://dairitenboshu.com/syo/9933,一般社団法人 日本建物調査組合,東京都渋谷区桜丘町17-12渋谷ジョンソンビル 4F-1,2019年,,・住宅、ビル、マンション等の点検・修繕 ・アンテナ・電気 ・内装・外構 ・緊急駆けつけサービス(住まいのトラブル解決),,15人
2025/11/05 12:01:29,https://dairitenboshu.com/syo/9934,株式会社makime,東京都中央区銀座1丁目15-4銀座1丁目ビル7F,,,,5200万円,
2025/11/05 12:01:29,https://dairitenboshu.com/syo/9940,株式会社plusOne,東京都豊島区池袋2-17-8-302,2015年,,,,
2025/11/05 12:01:29,https://dairitenboshu.com/syo/9948,ワンストップ総合窓口,東京都新宿区新宿1-36-2-3Ｆ,,,,,
2025/11/05 12:01:29,https://dairitenboshu.com/syo/9949,株式会社BOSSES,東京都港区浜松町2－2－15,,,ITサービス事業 コンサルティングサービス事業,,
2025/11/05 12:01:29,https://dairitenboshu.com/syo/9952,株式会社イーアンドエス,東京都足立区千住旭町23-3ひばちビル4F,2020年,代表取締役 生田学,抗菌シリカ水による抗菌施工サービス / 木材の長期保護塗装 高機能塗料による塗装施工 環境商材の企画・販売 / 輸入商材の販売,500万円,5人
2025/11/05 12:01:29,https://dairitenboshu.com/syo/9953,株式会社ヨコモリ電池屋コーポレーション,東京都渋谷区笹塚3-33-4,1946年,横森英俊,電気工事材料・電設機器・住宅設備機器・非常用照明器具・誘導灯、防災用機器・交換電池の販売 近年では、防災用品や感染症対策グッズなどの販売も強化しております。 感染症対策グッズを販売するにあたり、社内で感染症アドバイザー資格を10名ほど保有しております。,5000万円,36人
2025/11/05 12:01:29,https://dairitenboshu.com/syo/9954,ソフィアデジタル株式会社,神奈川県横浜市港北区新横浜2-15-12共立新横浜ビル5F,2010年,佐久間 直樹,事業内容 ・MVNO支援システム 開発及び企画 ・SIM及び通信機器の卸事業 ・大手通信キャリア取次サービス ・通信端末販売,1000万円,15人
2025/11/05 12:01:30,https://dairitenboshu.com/syo/9955,株式会社リエイト,奈良県生駒市東新町4-23 第一ビル2F,,,,,
